sample_id,event_date,state,latitude,longitude,rainfall_1d,rainfall_3d,rainfall_7d,elevation_m,slope_degrees,soil_moisture,target
78,2007-05-23 00:00:00,Sikkim,27.3383,88.6069,0.0,5.464999914169312,22.55999881029129,1516.77734375,19.360199096868914,,1
126,2007-07-16 00:00:00,Sikkim,27.1499,88.38,45.55499267578125,103.56499099731444,196.07998752593997,1099.262939453125,30.18097709817815,0.2627215087413788,1
130,2007-07-19 00:00:00,Assam,26.1699,91.7986,23.09999656677246,51.06499671936035,233.67501068115237,151.2103271484375,5.2015992271954135,0.3564818501472473,1
141,2007-07-26 00:00:00,Meghalaya,25.38,91.88,86.05997467041016,394.864990234375,426.40499091148376,1300.3878173828125,31.735341323469584,0.3943720757961273,1
142,2007-07-27 00:00:00,Meghalaya,25.5212,90.232,79.05500030517578,181.39500045776367,208.734999537468,556.1650390625,17.806767154958393,0.3738286197185516,1
148,2007-07-30 00:00:00,Mizoram,22.479,92.967,3.5199999809265137,12.550000933930278,69.7449949067086,471.984375,25.05957885780663,0.3652327358722687,1
147,2007-07-30 00:00:00,Mizoram,22.533,92.899,2.804999828338623,34.610000133514404,103.28500604629517,821.9502563476562,13.97850370910717,0.3627379238605499,1
211,2007-08-26 00:00:00,Manipur,24.9667,93.55,16.520000457763672,47.32500052452088,72.68999949097633,569.6266479492188,16.61926937921548,0.4132843315601349,1
213,2007-08-26 00:00:00,Assam,25.2946,92.8339,19.30499839782715,95.0149974822998,128.90999794006348,886.52490234375,11.395997162648298,0.3801969885826111,1
212,2007-08-26 00:00:00,Meghalaya,25.5576,91.8506,17.51500129699707,37.68999981880188,122.62500557303429,1679.0869140625,4.810940947323068,0.315441220998764,1
215,2007-08-28 00:00:00,Nagaland,25.7428,93.9136,7.019999504089356,56.659993171691895,70.05999255180359,481.2063598632813,20.77145132796881,0.4197275042533874,1
220,2007-08-31 00:00:00,Manipur,25.1333,93.9667,2.515000343322754,67.30500316619873,153.53999376296997,1008.8310546875,1.880384025185741,0.3931151628494262,1
247,2007-09-08 00:00:00,Manipur,25.0604,93.9877,35.2349967956543,95.8699951171875,160.669990837574,1545.535400390625,27.26820588020968,,1
251,2007-09-09 00:00:00,Sikkim,27.1667,88.35,5.889999866485596,37.65499830245972,180.3599877357483,1156.617431640625,26.94251068834416,0.3588764667510986,1
252,2007-09-09 00:00:00,Nagaland,25.4993,94.1192,5.614999294281006,26.309999465942383,123.85999870300292,1943.063720703125,18.98674122236766,,1
255,2007-09-10 00:00:00,Manipur,24.2451,94.0691,9.40000057220459,22.830000162124637,157.09500193595886,1281.67626953125,32.104217182292444,,1
256,2007-09-10 00:00:00,Sikkim,27.3425,88.6236,8.464999198913574,23.544997215271,132.42499446868896,2068.423583984375,26.484844152060088,,1
259,2007-09-11 00:00:00,Meghalaya,25.52,91.27,0.4650000035762787,71.74000796675682,519.5600019395351,1340.175537109375,5.257185602091339,0.3111144006252289,1
258,2007-09-11 00:00:00,Manipur,24.4279,94.0564,3.274999618530273,6.649999499320984,129.39498031139374,898.5164184570312,8.732480634532761,0.3736606538295746,1
264,2007-09-13 00:00:00,Assam,26.1833,91.8,1.559999942779541,5.424999356269836,208.0549842119217,67.15460205078125,1.1887229108403945,0.3585757911205292,1
269,2007-09-18 00:00:00,Sikkim,27.2872,88.2816,27.045001983642575,29.935001730918884,96.67500817775726,574.5270385742188,10.428558412946954,,1
285,2007-09-29 00:00:00,Mizoram,24.1293,92.6921,13.450000762939451,82.544997215271,93.33999741077425,824.6757202148438,5.676001634820684,0.3363637030124664,1
313,2007-10-16 00:00:00,Nagaland,25.7055,94.0132,22.920001983642575,71.4749984741211,92.2949974834919,1463.825439453125,15.417319476057404,,1
319,2007-10-19 00:00:00,Nagaland,25.4379,94.1162,1.9049997329711916,6.69499933719635,96.2600017786026,1487.4071044921875,21.1686910311665,,1
322,2007-10-21 00:00:00,Assam,24.75,93.4333,0.0350000001490116,4.765000019222498,91.83000007644296,461.7928161621094,27.24745637617811,,1
545,2008-05-20 00:00:00,Assam,24.9849,92.8411,9.045000076293944,46.09500074386597,50.37000048160553,252.4522857666016,8.918893271704816,0.2705793082714081,1
580,2008-06-09 00:00:00,Manipur,24.6596,93.9784,0.8799999952316284,46.41500127315521,54.87000085413456,777.2774658203125,0.3282865201765934,0.3447947800159454,1
585,2008-06-14 00:00:00,Arunachal Pradesh,27.0998,93.6287,73.52999114990234,254.6999969482422,407.9200077056885,401.5107116699219,6.592341315668957,0.2627376616001129,1
587,2008-06-15 00:00:00,Assam,27.2298,94.0989,3.09000015258789,188.4599952697754,249.85999941825867,95.5310516357422,0.0550720840878903,0.3244253993034363,1
594,2008-06-19 00:00:00,Manipur,24.9336,93.8275,3.3499999046325684,19.069998741149902,83.6749997138977,1024.45947265625,14.10698097424295,0.4611769616603851,1
692,2008-08-07 00:00:00,Nagaland,25.705,94.04,8.919999122619629,22.429998874664307,74.97999715805054,1039.6583251953125,16.149905062844596,,1
714,2008-08-14 00:00:00,Assam,27.163,94.0,17.559999465942383,81.8999981880188,190.39499497413635,95.3716278076172,0.7655195570100437,0.319918692111969,1
731,2008-08-19 00:00:00,Nagaland,26.138,94.25,3.865000247955322,71.0149941444397,121.90499353408812,1021.4805908203124,15.10896832627797,,1
755,2008-08-28 00:00:00,Sikkim,27.337,88.609,14.920000076293944,45.10000038146973,102.51999568939208,1540.588623046875,19.78191351592184,,1
760,2008-08-29 00:00:00,Nagaland,25.67,94.1066,9.829998970031738,15.429998874664308,36.48499846458435,1443.349365234375,10.865692808499212,,1
868,2008-10-29 00:00:00,Assam,26.3333,91.25,0.0,45.2549934387207,83.28499460220337,41.51915740966797,0.334073141148896,0.2754361927509308,1
870,2008-10-29 00:00:00,Arunachal Pradesh,27.4,92.35,0.6749999523162842,80.8549947142601,121.6399946808815,2629.237060546875,20.062893270888896,,1
869,2008-10-29 00:00:00,Assam,27.2333,94.1167,0.0,20.255001907236878,63.035001401789486,90.57893371582033,0.9820588842061856,0.3115513622760772,1
1084,2009-08-12 00:00:00,Arunachal Pradesh,27.7,92.8,122.2800064086914,140.67500638961792,159.9150047302246,2453.18310546875,15.794883848102398,0.3885011374950409,1
1108,2009-08-20 00:00:00,Assam,24.9925,93.5,1.630000114440918,9.619999647140505,77.2799985408783,1216.565185546875,8.099323340777282,0.4195238947868347,1
1112,2009-08-20 00:00:00,Sikkim,27.1761,88.5287,25.66500473022461,199.69000244140625,322.2799916267395,298.3282775878906,8.021441326347158,,1
1109,2009-08-20 00:00:00,Assam,25.5215,93.1645,14.96999740600586,35.44999694824219,66.52999591827393,278.50848388671875,1.9805417661970912,0.2899594902992248,1
1125,2009-08-26 00:00:00,Sikkim,27.3746,88.7648,5.550000190734863,52.479997634887695,134.40499114990234,3751.0,2.964492015694258,0.3076637685298919,1
1127,2009-08-27 00:00:00,Assam,25.1718,93.123,3.4649996757507324,19.94499921798706,49.27999711036682,727.5643920898438,12.11367837461963,0.3628802895545959,1
1129,2009-08-30 00:00:00,Manipur,24.8628,94.4182,2.509999990463257,51.29999814927578,76.85499809682369,889.1970825195312,29.218806910259463,0.4217416644096374,1
1168,2009-09-17 00:00:00,Sikkim,27.1954,88.6115,23.149995803833008,31.18499565124512,44.69499588012695,471.149169921875,6.030271458065739,0.2810994982719421,1
1222,2009-10-05 00:00:00,Mizoram,23.73478778,92.72124394,17.784996032714844,69.6349983215332,75.04999828338623,971.9013061523438,24.99929664830969,0.3672701120376587,1
1596,2010-03-27 20:00:00,Manipur,24.7339,93.9161,1.5900001525878906,1.5900001525878906,2.325000121258199,886.3097534179688,13.375034093361798,0.15738445520401,1
1611,2010-04-01 00:00:00,Assam,25.1553,93.028,7.579998970031738,174.22000980377197,316.20001006126404,591.91650390625,18.577434135552867,0.3198599815368652,1
1613,2010-04-02 23:00:00,Arunachal Pradesh,27.8997,93.3497,3.2199997901916504,11.419999718666077,45.099998116493225,879.9609375,6.837728029891674,0.2627540528774261,1
1756,2010-04-17 00:00:00,Sikkim,27.322,88.6087,9.739999771118164,15.31999945640564,31.034997701644897,1496.3751220703125,28.72953248194143,,1
1755,2010-04-17 15:00:00,Sikkim,27.3341,88.6083,9.739999771118164,15.31999945640564,31.034997701644897,1451.62548828125,20.463659219841265,,1
1770,2010-04-20 00:00:00,Assam,26.1965,91.763,126.22000122070312,213.7200126647949,382.0100059509277,90.6394500732422,4.036576653750398,0.3383989334106445,1
1771,2010-04-20 00:00:00,Assam,26.1978,91.7665,126.22000122070312,213.7200126647949,382.0100059509277,77.6644515991211,9.844405038650986,0.3383989334106445,1
1776,2010-04-21 00:00:00,Meghalaya,25.3612,92.2845,47.614994049072266,212.2299842834473,303.2899763584137,1222.7386474609375,4.50775585131545,0.3310539126396179,1
1775,2010-04-21 00:00:00,Arunachal Pradesh,27.8965,96.1779,77.68499755859375,162.25498962402344,189.37498776614663,202.17515563964844,1.0427001783965053,0.2799381911754608,1
1857,2010-05-11 09:00:00,Meghalaya,25.3433,92.2897,27.58500289916992,27.660002894699574,89.35500449687243,1200.17822265625,1.9130219734585583,0.2966039478778839,1
1930,2010-05-31 00:00:00,Arunachal Pradesh,28.4298,95.8776,22.274999618530277,33.3100004196167,68.9850027859211,502.77978515625,15.422352700330554,0.328041523694992,1
1929,2010-05-31 23:00:00,Sikkim,27.3543,88.6428,1.3949999809265137,7.124999523162842,37.139998614788055,2134.095947265625,23.77730287385141,0.1931744217872619,1
1935,2010-06-03 00:00:00,Tripura,23.8986,91.7599,55.160003662109375,92.04000186920166,188.285005569458,181.64187622070312,4.584845773495588,0.3602056205272674,1
1934,2010-06-03 05:00:00,Assam,24.6005,92.3814,36.665000915527344,189.3349876403809,242.25998210906985,94.11790466308594,10.425281246378908,,1
1954,2010-06-07 00:00:00,Manipur,24.7543,93.5039,54.02999496459961,146.55499839782715,279.47499656677246,396.5953674316406,10.726222059445773,,1
1961,2010-06-09 14:15:00,Meghalaya,25.8833,91.2,24.670001983642575,79.6299991607666,289.5350036621094,247.497314453125,18.143971085980127,0.3340719640254974,1
1987,2010-06-15 00:00:00,Assam,25.2269,93.1658,8.834999084472656,41.874996185302734,87.56499540805817,393.1159973144531,1.870343855511578,0.419978380203247,1
1986,2010-06-15 00:00:00,Nagaland,26.3335,94.5512,30.499998092651367,60.84000015258789,116.14500173926352,1363.6087646484375,4.808812542317957,0.3553140163421631,1
1994,2010-06-16 00:00:00,Assam,25.0633,92.8025,28.32000160217285,69.7599983215332,119.00499749183656,91.29263305664062,11.674441954839194,0.402019590139389,1
1996,2010-06-17 19:30:00,Nagaland,26.4333,94.8833,26.880002975463867,95.82000732421876,154.60500240325928,554.3593139648438,23.516345687087163,,1
2026,2010-06-28 00:00:00,Meghalaya,25.4916,91.2698,127.78498840332033,271.9549827575684,355.67498552799225,1488.943359375,6.210790112361384,0.3413223922252655,1
2025,2010-06-28 00:00:00,Meghalaya,25.5728,91.885,60.7449951171875,280.1599884033203,361.4199855029583,1504.425537109375,5.005134298345665,,1
2045,2010-07-06 00:00:00,Nagaland,26.2363,94.8133,3.989999771118164,35.389997482299805,83.83999729156494,1546.8511962890625,12.374531811851266,,1
2043,2010-07-06 00:00:00,Nagaland,26.7225,95.0281,1.4900000095367432,33.259997606277466,103.1349914073944,702.7037353515625,7.398414773928183,,1
2042,2010-07-06 00:00:00,Nagaland,26.0093,94.5238,1.5800001621246338,34.50999855995178,107.50499606132507,1799.443603515625,15.274913193887391,,1
2044,2010-07-06 00:00:00,Nagaland,25.8877,94.7861,2.9749999046325684,18.5749990940094,66.72500151395798,1166.9500732421875,5.8662927952810415,,1
2098,2010-07-19 06:00:00,Nagaland,26.7215,95.0283,,,,714.2728881835938,5.908844880049821,,1
2106,2010-07-20 00:00:00,Nagaland,26.8716,94.9921,,,,279.7633361816406,9.494744408294826,0.4185963869094848,1
2113,2010-07-21 08:00:00,Sikkim,27.3773,88.559,,,,1498.0386962890625,29.92606368766584,,1
2140,2010-07-25 00:00:00,Assam,25.0477,92.801,,,,189.42645263671875,24.615273496422507,0.3764093518257141,1
2163,2010-07-29 00:00:00,Nagaland,25.4196,94.1054,,,,1414.69580078125,14.726982971921965,,1
2166,2010-07-29 00:00:00,Assam,24.9786,93.5027,,,,1306.484130859375,15.153244600479498,0.4214828610420227,1
2164,2010-07-29 23:00:00,Manipur,25.3098633,94.48214677,,,,1546.2117919921875,24.7446971285472,0.3354179859161377,1
2182,2010-07-31 09:00:00,Manipur,24.9356,93.8443,,,,850.3109130859375,1.7113362152304916,0.3904913365840912,1
2205,2010-08-06 00:00:00,Mizoram,23.7365,92.7146,,,,1065.90380859375,28.644636823351533,,1
2243,2010-08-13 00:00:00,Nagaland,25.70223725,94.04619681,,,,1015.9720458984376,15.03056579692038,,1
2247,2010-08-14 00:00:00,Nagaland,26.148,94.8422,,,,1481.805419921875,29.997395162232056,,1
2248,2010-08-14 00:00:00,Nagaland,26.222,94.9152,,,,1765.640869140625,26.89531162422829,,1
2249,2010-08-14 00:00:00,Nagaland,26.0814,94.803,,,,925.2752075195312,33.094752359193045,,1
2253,2010-08-15 23:00:00,Manipur,25.31006064,94.48265093,,,,1546.2117919921875,24.744707869920884,0.3945375680923462,1
2263,2010-08-17 00:00:00,Nagaland,26.2753,94.6654,,,,1143.210693359375,28.44185533534116,,1
2283,2010-08-19 00:00:00,Manipur,24.8961,93.4957,,,,1012.417236328125,19.016797606637823,0.4043725132942199,1
2282,2010-08-19 06:30:00,Nagaland,26.1984,94.8158,,,,1882.138427734375,22.77443824783624,,1
2281,2010-08-19 18:00:00,Nagaland,25.61560252,94.11603493,,,,1633.5904541015625,22.049745223265425,,1
2296,2010-08-20 00:00:00,Sikkim,27.167,88.3652,,,,1474.5645751953125,22.637621131170725,0.3257181048393249,1
2304,2010-08-21 18:00:00,Nagaland,25.5718,94.1211,,,,1622.5428466796875,6.663690141468342,,1
2344,2010-08-27 16:30:00,Assam,24.7505,93.4221,,,,781.7396240234375,8.40778577235638,0.3855903744697571,1
2343,2010-08-27 16:30:00,Nagaland,25.4786,94.1327,,,,1759.3846435546875,4.715529388826678,,1
2345,2010-08-27 18:00:00,Sikkim,27.3392,88.6188,,,,1861.66748046875,17.631268644944424,,1
2392,2010-09-04 00:00:00,Sikkim,27.3702,88.7334,,,,3522.42529296875,5.936749618759077,,1
2405,2010-09-09 23:00:00,Arunachal Pradesh,28.3036,95.4112,,,,1839.6605224609373,40.75541727786073,0.3713852167129516,1
2411,2010-09-10 00:00:00,Arunachal Pradesh,27.0011,93.7273,,,,110.6159439086914,1.4921739365416071,0.4096719622611999,1
2415,2010-09-12 00:00:00,Nagaland,25.63961883,94.11112157,,,,1498.7935791015625,13.474230722423233,,1
2420,2010-09-13 00:00:00,Mizoram,23.72988966,92.71495623,,,,978.51220703125,23.208433947189484,0.2561790347099304,1
2425,2010-09-13 00:00:00,Mizoram,23.3439,93.0748,,,,1318.17236328125,32.73062887314022,0.3993615806102752,1
2423,2010-09-13 00:00:00,Mizoram,23.73504471,92.71060943,,,,932.2317504882812,18.076996781372152,0.2561790347099304,1
2424,2010-09-13 00:00:00,Mizoram,23.591,92.9296,,,,798.7151489257812,17.855637919399776,0.2525843977928161,1
2426,2010-09-13 00:00:00,Mizoram,22.7176,92.8416,,,,732.7857055664062,15.640920880137273,0.3692781031131744,1
2422,2010-09-13 00:00:00,Mizoram,23.74182634,92.7141905,,,,936.4642333984376,22.56062813919976,0.2561790347099304,1
2421,2010-09-13 09:00:00,Mizoram,23.75406693,92.74128531,,,,958.1802978515624,19.158200117499675,0.1973555982112884,1
2437,2010-09-16 00:00:00,Mizoram,23.7527,92.694,,,,792.6718139648438,23.807801236838984,,1
2436,2010-09-16 03:00:00,Mizoram,24.3069,93.125,,,,762.44873046875,12.65302216554948,,1
2539,2010-10-03 00:00:00,Arunachal Pradesh,28.3092,95.4149,,,,1870.9359130859373,42.19471087753941,0.2912826240062713,1
2569,2010-10-08 00:00:00,Nagaland,25.2745,94.0212,,,,1067.34375,6.874131413469799,,1
2570,2010-10-08 00:00:00,Manipur,24.837,93.9128,,,,785.0609130859375,9.406757780181575,0.3849603533744812,1
2566,2010-10-08 00:00:00,Nagaland,25.4769,94.1351,,,,1668.579345703125,17.499561797366237,,1
2567,2010-10-08 00:00:00,Manipur,25.6633,94.4703,,,,1443.024169921875,2.556005297391722,,1
2568,2010-10-08 00:00:00,Assam,24.7679,93.4108,,,,516.9309692382812,21.60703916590005,0.3416608572006225,1
2576,2010-10-09 00:00:00,Nagaland,25.4788,94.1399,,,,1651.601318359375,13.033054106247087,,1
2575,2010-10-09 00:00:00,Assam,25.5242,92.9914,,,,150.61492919921875,12.177701346984987,0.3443845808506012,1
2579,2010-10-09 00:00:00,Nagaland,25.682,94.1076,,,,1441.2371826171875,9.069455213801898,0.320582240819931,1
2578,2010-10-09 00:00:00,Nagaland,25.3179,94.0462,,,,994.1492919921876,10.349690707315748,,1
2577,2010-10-09 00:00:00,Nagaland,25.5265,93.8673,,,,1376.55322265625,20.310038493190905,0.3766652047634125,1
2573,2010-10-09 00:00:00,Assam,25.1796,93.0083,,,,685.9299926757812,6.939585346228515,0.3414535820484161,1
2574,2010-10-09 00:00:00,Assam,25.4749,93.1477,,,,151.63174438476562,4.191689144616718,,1
2587,2010-10-10 06:00:00,Nagaland,25.6623,94.1072,,,,1371.4375,12.046818166664938,0.3960290849208832,1
2743,2010-11-22 00:00:00,Arunachal Pradesh,27.5798729,91.85672387,,,,2757.57470703125,20.838030767868613,,1
3269,2011-03-22 00:00:00,Arunachal Pradesh,28.0791,96.5242,,,,553.9533081054688,18.20180478687209,,1
3525,2011-05-22 00:00:00,Assam,25.0672,93.4093,,,,459.5545043945313,11.93928095027912,0.3459476232528686,1
3532,2011-05-24 00:00:00,Assam,25.0888,92.8551,,,,244.4788360595703,11.634101476649994,0.3884675204753876,1
3556,2011-05-31 14:00:00,Manipur,25.1555,93.8474,,,,1397.519775390625,33.907692941353815,0.432818055152893,1
3560,2011-05-31 14:30:00,Manipur,24.8286,93.5935,,,,710.215087890625,39.02219662966039,,1
3633,2011-06-20 00:00:00,Nagaland,26.3186,94.5121,,,,1248.058349609375,15.996166218227216,,1
3637,2011-06-21 00:00:00,Nagaland,25.51614662,94.2341227,,,,1650.436767578125,21.3884392955866,,1
3663,2011-06-28 00:00:00,Nagaland,25.6682,94.1099,,,,1427.8831787109375,10.254637864420616,,1
3662,2011-06-28 00:00:00,Manipur,25.03561729,94.0144205,,,,873.1486206054688,3.404701689669414,0.435460478067398,1
3672,2011-06-29 00:00:00,Assam,25.5125,93.3613,,,,319.2935791015625,7.833569672433737,,1
3683,2011-07-01 00:00:00,Nagaland,25.8782,94.1739,,,,1341.722900390625,13.962493163094075,0.332325279712677,1
3738,2011-07-06 00:00:00,Manipur,24.8063,93.9482,,,,782.4737548828125,0.4609845803933454,0.4379451870918274,1
3741,2011-07-07 00:00:00,Nagaland,25.4191,94.1079,,,,1395.17626953125,2.5640962385566257,,1
3760,2011-07-11 09:00:00,Nagaland,25.6703,94.1095,,,,1456.5213623046875,12.807964660098737,0.3623628914356231,1
3776,2011-07-15 18:00:00,Arunachal Pradesh,27.125,93.7145,,,,132.451416015625,0.2361451034521407,0.4212002456188202,1
3789,2011-07-16 00:00:00,Arunachal Pradesh,27.2743,92.9064,,,,648.58837890625,14.556889315140578,0.3306808471679687,1
3794,2011-07-17 00:00:00,Sikkim,26.99195749,88.42280921,,,,266.56561279296875,22.64628992144123,0.3338533639907837,1
3805,2011-07-19 00:00:00,Sikkim,27.05374234,88.42572376,,,,241.2666473388672,26.996574371788306,0.3710179924964905,1
3806,2011-07-19 00:00:00,Arunachal Pradesh,27.1032,93.6884,,,,149.3597869873047,2.495792051559221,0.4307790994644165,1
3830,2011-07-22 00:00:00,Manipur,24.3527,94.3429,,,,297.0299377441406,16.845244299250222,0.389777272939682,1
3831,2011-07-22 00:00:00,Manipur,24.7992,93.948,,,,780.68310546875,0.4053355451746908,0.3984866738319397,1
3837,2011-07-24 12:30:00,Assam,26.5836,93.0038,,,,67.86807250976562,0.3865510118216163,0.3215386867523193,1
3840,2011-07-25 00:00:00,Manipur,24.6869,93.9157,,,,771.7228393554688,0.0558003606267175,0.2657967805862427,1
3860,2011-07-29 00:00:00,Nagaland,25.4192,94.108,,,,1382.6461181640625,13.025454427840229,,1
3881,2011-08-05 00:00:00,Arunachal Pradesh,27.1034,93.6885,,,,149.3597869873047,2.495792393168634,0.3634153008460998,1
3912,2011-08-12 00:00:00,Arunachal Pradesh,27.44,92.2833,,,,2626.048095703125,5.980541403773724,0.282896488904953,1
3916,2011-08-13 08:00:00,Assam,25.7713,93.8067,,,,234.64732360839844,6.147465762150531,0.322529673576355,1
3925,2011-08-15 00:00:00,Arunachal Pradesh,27.4888,93.0153,,,,524.2296142578125,12.96131937217704,0.3630131185054779,1
3927,2011-08-16 08:00:00,Meghalaya,25.5144,90.2167,,,,310.52703857421875,5.70328061889632,0.3737558424472809,1
3932,2011-08-18 00:00:00,Nagaland,25.83,94.13,,,,1015.3535766601562,8.435593945711203,0.3466141521930694,1
3965,2011-09-06 08:00:00,Assam,24.808,93.117,,,,37.671669006347656,1.4919606584657308,0.2885175943374634,1
3983,2011-09-23 00:00:00,Assam,26.1548,91.7351,,,,54.68962478637695,0.2897046642818099,0.3099706172943115,1
4241,2012-03-04 00:00:00,Manipur,25.1604,93.6795,,,,1093.4697265625,16.155551986655503,0.3336120843887329,1
4313,2012-04-08 00:00:00,Arunachal Pradesh,28.4659,95.86,,,,1059.2249755859375,30.686994366546653,0.2883331179618835,1
4378,2012-06-02 00:00:00,Arunachal Pradesh,28.8254,96.1517,,,,3591.05078125,23.867770419740364,0.3069173097610473,1
4377,2012-06-02 00:00:00,Assam,26.1475,91.7356,,,,50.504974365234375,0.259816626849842,0.278373509645462,1
4382,2012-06-03 00:00:00,Assam,25.1175,92.8573,,,,152.45416259765625,8.189864551985943,0.3639639616012573,1
4383,2012-06-03 00:00:00,Assam,25.3056,93.1265,,,,313.8147888183594,12.657957390953309,,1
4384,2012-06-03 00:00:00,Assam,25.1775,93.0123,,,,656.19873046875,10.934599736750496,,1
4394,2012-06-07 04:30:00,Sikkim,27.1748,88.6458,,,,948.4487915039062,20.12576715605651,0.4112764298915863,1
4403,2012-06-10 00:00:00,Manipur,24.8142,93.5444,,,,534.1045532226562,24.729878557063632,0.3454975485801697,1
4407,2012-06-13 00:00:00,Assam,25.0951,92.3567,,,,236.086166381836,25.7302166224286,0.3471467196941376,1
4408,2012-06-13 00:00:00,Meghalaya,25.5498,92.0757,,,,1259.6912841796875,17.61395037367604,,1
4411,2012-06-14 04:00:00,Sikkim,27.339,88.6065,,,,1518.2493896484375,20.43463559916604,,1
4424,2012-06-20 00:00:00,Assam,26.149,91.7351,,,,51.66925048828125,0.1323270579437389,0.3034627437591553,1
4426,2012-06-22 00:00:00,Assam,26.1226,91.7162,,,,77.5579605102539,18.507894467858858,0.3605906665325165,1
4435,2012-06-25 00:00:00,Arunachal Pradesh,27.174,95.8011,,,,294.7779846191406,0.4032250666103276,0.4298401772975921,1
4436,2012-06-25 00:00:00,Arunachal Pradesh,26.9986,95.4993,,,,654.2726440429688,18.43089061542242,0.4183517098426819,1
4434,2012-06-25 18:00:00,Assam,26.1049,91.7369,,,,164.45504760742188,14.592476059930002,0.3165605664253235,1
4446,2012-07-05 00:00:00,Arunachal Pradesh,28.9986,94.8885,,,,604.846435546875,5.399570365241572,,1
4552,2012-09-14 00:00:00,Sikkim,27.0377,88.3603,,,,1479.0753173828125,18.4115346199524,,1
4556,2012-09-16 00:00:00,Sikkim,27.1675,88.3651,,,,1516.3795166015625,22.38380491967344,0.3484823703765869,1
4570,2012-09-19 00:00:00,Arunachal Pradesh,27.8458,95.2253,,,,134.03646850585938,0.1478731396719223,,1
4610,2012-11-11 00:00:00,Mizoram,23.7705,92.5217,,,,69.35420227050781,5.139119080268533,0.305398017168045,1
4757,2013-02-18 00:00:00,Arunachal Pradesh,28.1193,95.1645,,,,763.1484375,31.07705851144956,0.2938105463981628,1
4798,2013-04-07 00:00:00,Arunachal Pradesh,28.8254,96.1509,,,,3630.580322265625,27.422995806273924,,1
4845,2013-05-07 00:00:00,Mizoram,24.2315,92.6755,,,,670.7227783203125,3.330184481799645,0.3456901311874389,1
4848,2013-05-08 00:00:00,Tripura,24.0896,91.4663,,,,107.05660247802734,0.4327797809107743,,1
4860,2013-05-11 00:00:00,Assam,26.1016,91.6906,,,,98.29304504394533,25.83696584310192,0.3084054887294769,1
4859,2013-05-11 00:00:00,Assam,26.1771,91.7599,,,,77.53565979003906,6.340920830438519,0.2743406891822815,1
4858,2013-05-11 09:00:00,Assam,26.1662,91.7138,,,,121.53782653808594,21.79606347793048,0.3084054887294769,1
4857,2013-05-11 09:00:00,Mizoram,23.7281,92.7175,,,,1079.529296875,13.49408859920392,0.3175230920314789,1
4861,2013-05-12 00:00:00,Assam,24.9926,93.4946,,,,1136.5438232421875,6.312835493380181,0.2892495095729828,1
4892,2013-06-01 00:00:00,Arunachal Pradesh,27.8776,94.25,,,,946.2015380859376,32.61202027333672,,1
4906,2013-06-07 00:00:00,Nagaland,26.0977,94.7499,,,,1550.5186767578125,5.189374917369623,0.3681901693344116,1
4905,2013-06-07 00:00:00,Nagaland,26.0977,94.7031,,,,1737.668701171875,36.54230634770127,0.3681901693344116,1
4908,2013-06-08 17:00:00,Sikkim,27.3721,88.708,,,,3190.539306640625,27.239665703240185,0.2192182689905166,1
4990,2013-06-27 23:00:00,Sikkim,27.3765,88.7628,,,,3763.635986328125,20.543670540976443,0.3083028197288513,1
5005,2013-07-01 00:00:00,Nagaland,26.72,95.029,,,,688.4716186523438,9.3085736632757,,1
5006,2013-07-01 00:00:00,Nagaland,26.1147,94.3864,,,,337.5,8.46900841122305,0.3395949304103851,1
5087,2013-07-12 00:00:00,Nagaland,25.6269,94.1139,18.66999626159668,,,1567.5880126953125,13.26450407921832,,1
5084,2013-07-12 23:00:00,Nagaland,25.616,94.1167,18.66999626159668,,,1590.478759765625,23.248311605673223,,1
5107,2013-07-15 00:00:00,Nagaland,25.6269,94.1139,,,,1567.5880126953125,13.26450407921832,,1
5123,2013-07-17 00:00:00,Nagaland,25.7131,94.0885,,,,1401.7059326171875,24.174598085258577,,1
5122,2013-07-17 00:00:00,Nagaland,25.7658,93.9413,,,,833.7742309570312,37.31631106718082,0.3087207674980163,1
5250,2013-08-01 00:00:00,Arunachal Pradesh,27.8837,93.0515,,,,1558.798828125,40.14375665475561,0.2652360200881958,1
5269,2013-08-04 00:00:00,Nagaland,25.8376,94.5234,,,,798.6962280273438,1.2211125439022514,0.3535288572311401,1
5275,2013-08-04 00:00:00,Nagaland,26.1498,94.6055,,,,1734.0289306640625,25.26272190106231,0.3678071498870849,1
5272,2013-08-04 00:00:00,Nagaland,26.2083,94.5438,,,,1473.24267578125,8.729283594428733,0.3678071498870849,1
5271,2013-08-04 00:00:00,Nagaland,26.284,94.5808,,,,711.1846923828125,21.65429160978704,,1
5268,2013-08-04 00:00:00,Nagaland,26.0137,94.5163,,,,1720.0069580078125,16.437900628544664,0.3678071498870849,1
5270,2013-08-04 00:00:00,Nagaland,26.0481,94.4619,,,,856.384765625,24.5591507241562,0.3363444805145263,1
5274,2013-08-04 00:00:00,Nagaland,26.0838,94.564,,,,1821.3651123046875,14.10287582071516,0.3678071498870849,1
5273,2013-08-04 00:00:00,Nagaland,26.1807,94.5497,,,,1658.3319091796875,27.27377245686631,0.3678071498870849,1
5300,2013-08-09 00:00:00,Nagaland,25.318,94.0441,,,,994.168701171875,12.397577687220586,0.3448148369789123,1
5312,2013-08-11 23:00:00,Assam,26.7103,94.693,,,,688.3138427734375,12.410286020351233,0.3572329580783844,1
5427,2013-08-15 00:00:00,Nagaland,25.3833,94.1884,,,,1683.362060546875,18.849325068404497,0.3254659175872803,1
5337,2013-08-16 00:00:00,Nagaland,26.4205,94.9731,,,,697.493896484375,20.37288774792213,0.3579038977622986,1
5338,2013-08-16 00:00:00,Assam,26.8727,94.9275,,,,133.6025848388672,2.473464848576356,0.3408251106739044,1
5336,2013-08-16 00:00:00,Nagaland,26.3897,94.9439,,,,530.5360107421875,16.23636235352469,0.3579038977622986,1
5343,2013-08-17 23:00:00,Assam,24.7625,93.4341,,,,651.69677734375,29.635761291456248,0.3427012264728546,1
5421,2013-08-30 00:00:00,Nagaland,26.4205,94.9731,,,,697.493896484375,20.37288774792213,0.3590646088123321,1
5430,2013-09-01 00:00:00,Manipur,24.9037,93.487,,,,1241.159423828125,24.673023178578937,,1
5431,2013-09-01 00:00:00,Assam,24.9829,93.5063,,,,1314.5050048828125,23.22714885396431,,1
5429,2013-09-01 18:00:00,Sikkim,27.3425,88.2426,,,,1383.0098876953125,27.2401087076496,,1
5442,2013-09-02 00:00:00,Arunachal Pradesh,27.1614,93.7525,,,,149.61477661132812,4.302841377201296,0.2570715546607971,1
5441,2013-09-02 00:00:00,Arunachal Pradesh,28.611,94.9829,,,,1690.5528564453125,37.27544644812415,0.3621007800102234,1
5476,2013-09-07 15:00:00,Sikkim,27.3736,88.7323,,,,3413.894287109375,13.46597767444486,,1
5552,2013-09-24 00:00:00,Manipur,25.0985,94.3619,,,,1896.70556640625,2.3338282833151784,0.3820689916610718,1
5575,2013-10-05 23:00:00,Nagaland,25.8266,94.1497,,,,1386.3798828125,17.456632067242204,,1
5584,2013-10-06 00:00:00,Assam,26.1665,91.7049,,,,239.8996124267578,10.292504254267104,0.323339432477951,1
5582,2013-10-06 12:45:00,Assam,26.1309,91.8383,,,,106.2123565673828,12.595756333281203,,1
5603,2013-10-13 19:30:00,Manipur,25.426,94.6024,,,,1345.79541015625,11.787275984881704,0.3483813405036926,1
6015,2014-05-08 00:00:00,Arunachal Pradesh,27.9032,96.174,,,,196.5,0.6615614543854323,0.251474380493164,1
6016,2014-05-09 23:00:00,Assam,24.8669,92.3576,,,,18.60521507263184,0.8075782254015261,0.3714134097099304,1
6105,2014-06-26 23:00:00,Arunachal Pradesh,28.9205,95.3429,,,,4060.471435546875,17.889989013177747,0.3022867143154144,1
6106,2014-06-26 23:00:00,Assam,26.1407,91.7645,,,,61.37545776367188,4.048679492572987,0.3415985107421875,1
6107,2014-06-26 23:00:00,Assam,26.1844,91.7896,,,,60.07725524902344,1.3192440128073777,0.3415985107421875,1
6110,2014-06-27 00:00:00,Assam,26.1619,91.7697,,,,54.79754257202149,0.319528595104622,0.3226594924926758,1
6112,2014-06-28 09:00:00,Assam,26.1964,91.7652,,,,78.09309387207031,4.75857077151107,0.3412554860115051,1
6143,2014-07-14 18:00:00,Mizoram,23.7327,92.7463,,,,835.0313720703125,25.237212786504884,,1
6513,2014-08-14 23:00:00,Tripura,23.0137,91.7174,,,,29.43540573120117,3.468217616294993,0.3152790665626526,1
6200,2014-08-17 00:00:00,Arunachal Pradesh,27.0869,93.6086,,,,314.74285888671875,4.323005981888218,0.4298572242259979,1
6331,2014-09-08 00:00:00,Nagaland,25.9466,94.6279,,,,1376.4241943359375,29.79901845867096,,1
6291,2014-09-21 00:00:00,Meghalaya,25.7354,90.3852,,,,336.98162841796875,3.8092702833585568,0.3617622256278991,1
6286,2014-09-22 00:00:00,Assam,26.1044,91.7082,,,,53.10300064086914,0.4965031611442373,0.317541092634201,1
6282,2014-09-22 00:00:00,Assam,26.1097,91.7747,,,,59.16788864135742,0.3356282289691608,0.3250952959060669,1
6287,2014-09-22 00:00:00,Assam,26.1295,91.7056,,,,144.85511779785156,2.959794371827565,0.317541092634201,1
6289,2014-09-22 00:00:00,Assam,26.1001,91.6849,,,,78.21826934814453,18.981361798987127,0.317541092634201,1
6283,2014-09-22 00:00:00,Assam,26.1314,91.7548,,,,73.79217529296875,1.0408589668345345,0.3250952959060669,1
6285,2014-09-22 00:00:00,Assam,26.159,91.8178,,,,68.1056137084961,7.736373105748763,0.3250952959060669,1
6288,2014-09-22 00:00:00,Assam,26.1985,91.7998,,,,78.13919067382812,6.9029829330364745,0.3250952959060669,1
6284,2014-09-22 00:00:00,Assam,26.1324,91.8342,,,,70.63053894042969,6.023552951194898,0.3250952959060669,1
6292,2014-09-23 00:00:00,Assam,25.7238,89.9032,,,,36.08806610107422,3.734349512159009,0.3701094090938568,1
6290,2014-09-23 03:00:00,Meghalaya,25.5772,91.8666,,,,1469.179931640625,4.561494391732023,0.3531402945518493,1
6213,2014-09-24 00:00:00,Meghalaya,25.8143,90.5763,,,,59.0,1.208828248609743,0.3562245965003967,1
6222,2014-10-01 11:00:00,Arunachal Pradesh,27.1249,93.7706,,,,155.3608856201172,17.091604820802008,0.2551511526107788,1
6214,2014-10-05 17:45:00,Meghalaya,25.9702,91.8587,,,,282.1637878417969,11.374567952186991,0.2895183563232422,1
6293,2014-10-20 00:00:00,Meghalaya,25.5006,90.0896,,,,44.06074142456055,3.0501810273482444,0.2798671424388885,1
6775,2015-02-14 00:00:00,Assam,26.1468,91.6469,,,,61.37715530395508,11.702353181994535,0.171025663614273,1
6786,2015-02-19 23:00:00,Assam,24.6108,92.562,,,,26.74592399597168,1.778414485259197,0.2310674786567688,1
7591,2015-03-19 00:00:00,Assam,25.0318,92.4584,,,,78.5792465209961,15.98037942641851,0.1546944081783294,1
7031,2015-05-24 00:00:00,Sikkim,27.6163,88.6586,,,,1875.43017578125,38.66480064925906,,1
6971,2015-06-09 00:00:00,Arunachal Pradesh,27.0987,93.816,,,,227.71990966796875,10.364293782679283,0.3733408749103546,1
6968,2015-06-13 00:00:00,Meghalaya,25.463,92.2121,,,,1377.609130859375,0.5164311086720189,0.3583008944988251,1
6970,2015-06-16 00:00:00,Meghalaya,25.5084,90.2191,,,,322.29132080078125,13.779977615156255,0.3462296724319458,1
6969,2015-06-16 06:15:00,Meghalaya,25.5114,90.215,,,,305.30078125,11.686752996501752,0.3462296724319458,1
6945,2015-06-19 00:00:00,Manipur,25.16,93.686,,,,1024.9775390625,35.3141512414551,0.3973189890384674,1
6963,2015-06-19 00:00:00,Mizoram,23.7131,92.7362,,,,878.6339111328125,7.028533809985814,0.3122920393943786,1
6990,2015-06-24 00:00:00,Nagaland,26.0319,94.5466,,,,1536.908935546875,38.30034428761038,0.3985011279582977,1
7138,2015-07-07 00:00:00,Sikkim,27.0816,88.4397,,,,253.37242126464844,26.87784403427109,0.2652300298213959,1
7214,2015-07-15 08:00:00,Arunachal Pradesh,27.36,93.0385,,,,407.9212951660156,11.392154287803068,0.3617138564586639,1
7265,2015-07-22 00:00:00,Manipur,25.5007,93.9854,,,,1436.723876953125,23.635752885632595,0.3934898674488067,1
7253,2015-07-22 00:00:00,Assam,24.7979,92.9974,,,,24.89543342590332,0.3294917332277639,0.3798969984054565,1
7267,2015-07-22 00:00:00,Manipur,25.3908,94.0926,,,,1314.023193359375,6.760266745401929,0.3685205578804016,1
7264,2015-07-22 00:00:00,Manipur,25.4538,93.9827,,,,1779.438720703125,23.50209977677893,,1
7263,2015-07-22 00:00:00,Manipur,25.4477,94.0489,,,,1341.4984130859375,26.77187024787612,0.3685205578804016,1
7266,2015-07-22 00:00:00,Manipur,25.5098,93.8794,,,,1642.406005859375,11.833259913077963,0.3934898674488067,1
7279,2015-07-24 00:00:00,Manipur,24.9818,93.5142,,,,1246.028076171875,6.958060232044028,0.369949609041214,1
7276,2015-07-25 09:00:00,Assam,26.1062,91.8717,,,,253.565658569336,8.861627077866718,,1
7364,2015-07-31 09:00:00,Manipur,24.819,94.3551,,,,1615.25146484375,27.761413312675465,0.3627569675445556,1
7372,2015-07-31 23:00:00,Manipur,25.0634,94.3415,,,,1783.8829345703125,23.27032573521476,0.3488433957099914,1
7389,2015-08-01 00:00:00,Manipur,24.4072,94.0644,,,,1148.29443359375,25.468370224124296,0.416826069355011,1
7371,2015-08-01 00:00:00,Manipur,23.9939,94.0573,,,,969.0455322265624,9.73537111578942,0.3812428414821625,1
7374,2015-08-01 00:00:00,Manipur,25.1122,94.3591,,,,1847.19091796875,11.748789471877089,0.4111896753311157,1
7385,2015-08-01 00:00:00,Manipur,24.004,93.9815,,,,1446.16552734375,25.56377295802469,0.4153450131416321,1
7369,2015-08-01 00:00:00,Manipur,24.1988,94.1016,,,,1384.861328125,26.35434617184571,0.4440041482448578,1
7373,2015-08-01 00:00:00,Manipur,24.9111,94.4759,,,,1841.123779296875,24.72009815438379,0.4280003607273102,1
7390,2015-08-01 00:00:00,Manipur,24.4265,94.1913,,,,1309.62158203125,10.056628853426393,0.416826069355011,1
7384,2015-08-01 00:00:00,Manipur,23.9278,94.0906,,,,938.96240234375,7.762861559613835,0.3812428414821625,1
7375,2015-08-01 00:00:00,Manipur,25.1941,94.4481,,,,1728.680908203125,10.543192520000796,0.4111896753311157,1
7370,2015-08-01 00:00:00,Manipur,24.1419,94.1078,,,,1147.467529296875,26.743827164724145,0.4440041482448578,1
7910,2015-08-01 00:00:00,Manipur,24.3481,94.1146,,,,1008.185546875,5.046182268074522,0.416826069355011,1
7383,2015-08-01 00:00:00,Manipur,23.899,94.1434,,,,268.95947265625,11.60245272606849,0.3812428414821625,1
7388,2015-08-01 00:00:00,Manipur,24.416,94.0984,,,,1378.521240234375,21.71273964274866,0.416826069355011,1
7387,2015-08-01 00:00:00,Manipur,24.954,94.2156,,,,934.6778564453124,18.51177677359885,0.3674700558185577,1
7409,2015-08-02 00:00:00,Nagaland,25.72,94.6219,,,,1709.866943359375,42.77793596140298,0.3538675010204315,1
7664,2015-08-11 00:00:00,Manipur,24.7459,93.4251,,,,768.7366943359375,6.723344623028452,0.3594870269298553,1
7666,2015-08-11 00:00:00,Manipur,25.1019,93.3729,,,,1131.4407958984375,6.27301238946799,0.3508581817150116,1
7665,2015-08-11 00:00:00,Manipur,24.7016,93.5291,,,,663.2074584960938,15.812349972319574,0.375385046005249,1
7660,2015-08-12 00:00:00,Nagaland,25.6237,94.1136,,,,1621.5382080078125,28.17171296448792,,1
7887,2015-08-16 00:00:00,Arunachal Pradesh,27.8835,96.9262,,,,940.10791015625,29.22268621485236,0.3583153784275055,1
7334,2015-08-18 00:00:00,Arunachal Pradesh,28.1737,94.7596,,,,571.4259643554688,23.870510296690263,0.3210555911064148,1
7335,2015-08-18 09:00:00,Meghalaya,25.5145,90.2023,,,,311.16912841796875,3.0310905237798043,0.3410148918628692,1
7699,2015-08-19 00:00:00,Nagaland,26.0214,94.5224,,,,1628.211669921875,21.66746709101109,0.3977214694023132,1
7706,2015-08-19 00:00:00,Meghalaya,25.0728,92.3636,,,,122.8496551513672,11.28085632191954,0.3468013107776642,1
7590,2015-08-19 00:00:00,Meghalaya,25.1416,92.3807,,,,159.40928649902344,13.40736529176128,0.3468013107776642,1
7589,2015-08-19 00:00:00,Meghalaya,25.2568,92.3825,,,,794.41455078125,8.073724553567349,0.2755379974842071,1
7336,2015-08-19 09:00:00,Meghalaya,25.2193,90.5549,,,,277.8585205078125,2.00233241184184,0.3306126892566681,1
7701,2015-08-19 15:00:00,Nagaland,25.6278,94.1051,,,,1525.7447509765625,19.457784650237567,,1
7727,2015-08-20 18:00:00,Nagaland,25.6263,94.1057,,,,1511.099609375,12.918236821395071,,1
7728,2015-08-22 09:00:00,Assam,26.1028,91.8806,,,,114.29768371582033,11.549494416108589,0.3419356048107147,1
7780,2015-08-26 00:00:00,Mizoram,23.3572,92.7878,,,,1371.5789794921875,10.727395374718856,0.3867898285388946,1
7778,2015-08-26 00:00:00,Mizoram,23.8447,93.0514,,,,1108.8853759765625,29.82897541469678,0.4043482542037964,1
7836,2015-08-27 00:00:00,Mizoram,24.042,92.6724,,,,804.421142578125,7.8516574247600515,,1
7837,2015-08-27 00:00:00,Mizoram,23.7269,92.7265,,,,833.5170288085938,24.765737188351068,,1
7972,2015-08-28 01:45:00,Mizoram,23.4495,92.8112,,,,888.5426635742188,24.148711133704484,0.3777176141738891,1
7933,2015-09-01 00:00:00,Assam,26.1868,91.6739,,,,50.3999252319336,1.162631075619194,0.3643865883350372,1
7923,2015-09-01 00:00:00,Assam,26.49349035,91.72137514,,,,59.33340072631836,0.0825791844334001,0.3220272958278656,1
7956,2015-09-05 00:00:00,Meghalaya,26.048,91.8695,,,,84.52579498291016,6.69037104013473,0.3519089519977569,1
8012,2015-09-06 15:00:00,Meghalaya,25.9703,91.8584,,,,282.1637878417969,11.37457112274369,0.3251694738864898,1
8224,2015-09-14 01:30:00,Mizoram,23.7313,92.7187,,,,1039.2362060546875,21.262120150801863,0.3316707611083984,1
8223,2015-09-14 03:10:00,Mizoram,23.7348,92.7187,,,,1042.5274658203125,16.100659314470903,0.3316707611083984,1
8339,2015-09-23 00:00:00,Assam,26.1666,91.7042,,,,230.763427734375,11.353930600864366,0.330505758523941,1
8366,2015-09-23 15:00:00,Meghalaya,25.583,91.893,,,,1449.671630859375,3.7122057952572063,0.2760404050350189,1
9405,2016-04-19 00:00:00,Nagaland,26.7223,95.0243,,,,691.5819091796875,8.905962281110948,,1
7655,2016-04-22 02:30:00,Arunachal Pradesh,27.5799,91.8569,,,,2757.57470703125,20.838034591151185,,1
9404,2016-05-01 00:00:00,Arunachal Pradesh,28.0822,96.5316,,,,589.3150634765625,22.607379394338192,,1
9338,2016-05-18 08:00:00,Assam,24.4638,92.4943,,,,90.42581939697266,10.946483223975108,0.3273109495639801,1
9335,2016-05-18 08:00:00,Assam,24.5202,92.7239,,,,41.02753448486328,0.5355159418728186,0.3092679381370544,1
9336,2016-05-18 08:00:00,Assam,24.5308,92.5121,,,,63.20732879638672,9.167569215743976,0.3092679381370544,1
9334,2016-05-18 08:00:00,Assam,24.5204,92.7264,,,,40.06278610229492,1.0516917417530076,0.3092679381370544,1
9169,2016-06-12 00:00:00,Nagaland,26.1677,94.2442,,,,772.8440551757812,22.068870305762616,0.3900098800659179,1
9168,2016-06-12 23:00:00,Arunachal Pradesh,27.6438,93.871,,,,1681.67431640625,28.620570473759216,,1
9142,2016-06-14 08:00:00,Nagaland,26.3185,94.5247,,,,1163.855224609375,13.30226372348048,0.3329579532146454,1
8222,2016-06-22 12:00:00,Assam,26.1961,91.7825,,,,121.48150634765624,9.58903134521112,0.335300087928772,1
8237,2016-07-01 00:00:00,Arunachal Pradesh,27.0136,92.6351,,,,227.06201171875,5.434395932098469,0.4450522363185882,1
8684,2016-07-07 00:00:00,Assam,25.9611,91.3681,,,,182.27566528320312,4.326593416352691,0.3880171179771423,1
8900,2016-07-07 00:00:00,Manipur,25.0118,94.3136,,,,1396.9189453125,4.517917704019272,0.3740755319595337,1
8901,2016-07-10 00:00:00,Nagaland,25.7902,94.1318,,,,1287.954345703125,12.793786300587623,0.3990291953086853,1
8930,2016-07-11 23:00:00,Nagaland,26.1699,94.4922,,,,1170.26123046875,21.91272580989933,0.3745923936367035,1
8996,2016-07-14 00:00:00,Assam,26.1768,91.7702,,,,103.41690826416016,25.859227812316536,,1
8995,2016-07-14 00:00:00,Assam,26.1963,91.8074,,,,174.58441162109375,9.244611506467704,,1
9010,2016-07-16 00:00:00,Arunachal Pradesh,27.3034,93.804,,,,718.2056274414062,26.710049515322886,0.3480792641639709,1
9124,2016-07-19 00:00:00,Meghalaya,25.203,90.5573,,,,155.75831604003906,18.152247205567388,0.3514728844165802,1
9087,2016-07-19 00:00:00,Arunachal Pradesh,28.235,94.9612,,,,315.595458984375,36.6010317883017,0.335774302482605,1
9051,2016-07-19 09:00:00,Meghalaya,26.09748244,91.8744337,,,,187.9982452392578,22.190183505557656,0.3667271435260772,1
9122,2016-07-20 00:00:00,Assam,26.1966,91.802,,,,106.73609924316406,13.171529069024986,0.3741482198238373,1
9186,2016-07-25 12:30:00,Manipur,25.48,94.1383,,,,1701.8209228515625,15.30348919113651,0.3985651433467865,1
9219,2016-07-26 23:00:00,Nagaland,26.0101,94.5282,,,,1709.053466796875,16.122894646702743,0.4283977448940277,1
9252,2016-07-28 00:00:00,Arunachal Pradesh,27.5748,91.8644,,,,2694.739013671875,11.935746870567524,0.2822417318820953,1
9232,2016-07-28 23:00:00,Mizoram,23.5397,93.3783,,,,1574.5465087890625,16.524083764483795,,1
9251,2016-07-28 23:00:00,Nagaland,25.8702,94.7844,,,,1134.852783203125,9.534102480414516,0.3483507633209228,1
9464,2016-08-05 00:00:00,Arunachal Pradesh,27.5754,91.9754,,,,2423.933349609375,25.640093482799408,0.2550839483737945,1
9604,2016-10-12 00:00:00,Sikkim,27.2676,88.2891,,,,601.9652709960938,42.68826101209351,,1
9619,2016-10-15 00:00:00,Sikkim,27.1695,88.3664,,,,1571.5709228515625,21.070401007459736,0.3001675307750702,1
9620,2016-10-15 00:00:00,Sikkim,27.172,88.5292,,,,356.3497314453125,24.0292327201351,0.2971850633621216,1
BG_78,2007-07-25 00:00:00,Sikkim,27.3383,88.6069,9.94499969482422,23.94999933242798,57.869996547698975,1516.77734375,18.41972714246763,,0
BG_126,2010-04-14 00:00:00,Sikkim,27.1499,88.38,0.0049999998882412,11.799999847076831,,1099.262939453125,30.672385852359984,0.2310868054628372,0
BG_130,2009-09-12 00:00:00,Assam,26.1699,91.7986,0.0,,,151.2103271484375,4.13577918414363,0.2830062508583069,0
BG_141,2008-08-08 00:00:00,Meghalaya,25.38,91.88,0.1050000041723251,25.864999279379845,105.21000383794308,1300.3878173828125,32.99055290487651,0.380972295999527,0
BG_142,2008-08-06 00:00:00,Meghalaya,25.5212,90.232,6.109999656677246,13.349998950958252,,556.1650390625,19.016147268079383,0.3417659997940063,0
BG_148,2010-05-30 00:00:00,Mizoram,22.479,92.967,20.354999542236328,31.53499984741211,,471.984375,27.640627935520985,0.2910331487655639,0
BG_147,2007-07-23 00:00:00,Mizoram,22.533,92.899,4.174999713897705,41.06500414013863,236.94000032544136,821.9502563476562,16.777860528156133,0.3713129162788391,0
BG_211,2009-10-03 00:00:00,Manipur,24.9667,93.55,10.014999389648438,11.464999333024023,,569.6266479492188,17.298171507895404,,0
BG_213,2007-09-11 00:00:00,Assam,25.2946,92.8339,0.1149999946355819,88.4450094550848,258.17000411450863,886.52490234375,12.510995585560348,0.368274450302124,0
BG_212,2007-07-25 00:00:00,Meghalaya,25.5576,91.8506,237.40499877929688,379.20499992370605,468.5000133514404,1679.0869140625,3.506681535927905,0.3489812016487121,0
BG_215,2008-10-24 00:00:00,Nagaland,25.7428,93.9136,3.84000015258789,,,481.2063598632813,19.65684719233356,0.3403678834438324,0
BG_220,2010-07-03 00:00:00,Manipur,25.1333,93.9667,8.680000305175781,69.2550048828125,,1008.8310546875,1.8902889926882955,0.4043088555335998,0
BG_247,2010-03-28 00:00:00,Manipur,25.0604,93.9877,19.794998168945312,26.5649978518486,26.5649978518486,1545.535400390625,27.625082728714503,,0
BG_251,2010-04-11 00:00:00,Sikkim,27.1667,88.35,3.0349998474121094,,,1156.617431640625,26.15576367915973,0.230153352022171,0
BG_252,2010-03-23 00:00:00,Nagaland,25.4993,94.1192,0.0,0.0,,1943.063720703125,16.97108274935564,,0
BG_255,2010-04-17 00:00:00,Manipur,24.2451,94.0691,14.410001754760742,20.80500102043152,22.81000102031976,1281.67626953125,32.74356196433509,,0
BG_256,2008-08-28 00:00:00,Sikkim,27.3425,88.6236,14.920000076293944,45.10000038146973,102.51999568939208,2068.423583984375,27.18264405575968,,0
BG_259,2007-08-23 00:00:00,Meghalaya,25.52,91.27,7.829999923706055,18.844999466091394,,1340.175537109375,6.266121021997378,0.2981435656547546,0
BG_258,2010-05-26 00:00:00,Manipur,24.4279,94.0564,17.229999542236328,,,898.5164184570312,11.152262623352774,0.3952528834342956,0
BG_264,2008-08-10 00:00:00,Assam,26.1833,91.8,24.700000762939453,80.6250010728836,102.0150020122528,67.15460205078125,0.9249076950976995,0.2976511716842651,0
BG_269,2008-08-25 00:00:00,Sikkim,27.2872,88.2816,27.420001983642575,62.890000343322754,,574.5270385742188,15.626526291606504,,0
BG_285,2008-06-10 00:00:00,Mizoram,24.1293,92.6921,6.835000038146973,30.025001287460327,57.01000022888184,824.6757202148438,6.062900884080862,0.374517947435379,0
BG_313,2007-09-06 00:00:00,Nagaland,25.7055,94.0132,22.095001220703125,51.46500205993652,,1463.825439453125,14.13618926663113,,0
BG_319,2010-06-16 00:00:00,Nagaland,25.4379,94.1162,14.254999160766602,36.60499954223633,69.13500344753265,1487.4071044921875,20.48900293213271,,0
BG_322,2010-04-16 00:00:00,Assam,24.75,93.4333,3.7699999809265137,17.649999141693115,,461.7928161621094,25.876640119049227,0.3153047561645508,0
BG_545,2009-08-29 00:00:00,Assam,24.9849,92.8411,10.09999942779541,13.474998950958252,86.00998950004578,252.4522857666016,11.623937764243202,0.4124566614627838,0
BG_580,2008-06-18 00:00:00,Manipur,24.6596,93.9784,5.135000228881836,23.70500087738037,56.53499698638916,777.2774658203125,0.1878882055469405,0.4307442903518677,0
BG_585,2010-05-09 00:00:00,Arunachal Pradesh,27.0998,93.6287,6.164999961853027,22.709998965263367,,401.5107116699219,5.571979312221454,0.353338211774826,0
BG_587,2008-10-28 00:00:00,Assam,27.2298,94.0989,0.0049999998882412,59.539996032603085,,95.5310516357422,0.356374350353465,0.3035141229629516,0
BG_594,2008-08-09 00:00:00,Manipur,24.9336,93.8275,43.79500198364258,51.20000195503235,84.30500197410583,1024.45947265625,15.248268472329029,0.3265742361545563,0
BG_692,2008-08-11 00:00:00,Nagaland,25.705,94.04,50.4950065612793,64.14000463485718,87.44000351428986,1039.6583251953125,15.71904937557736,,0
BG_714,2007-09-16 00:00:00,Assam,27.163,94.0,0.2449999898672104,50.52999792993069,104.42499862611294,95.3716278076172,2.0011101266833453,0.3417044878005981,0
BG_731,2007-07-25 00:00:00,Nagaland,26.138,94.25,38.910003662109375,57.77500510215759,120.2050038576126,1021.4805908203124,14.596117591807776,,0
BG_755,2009-08-07 00:00:00,Sikkim,27.337,88.609,1.7999999523162842,,,1540.588623046875,19.331761835881853,,0
BG_760,2010-06-06 00:00:00,Nagaland,25.67,94.1066,46.55000305175781,69.95500087738037,84.5350011587143,1443.349365234375,12.45457737905332,,0
BG_868,2007-07-18 00:00:00,Assam,26.3333,91.25,19.43000030517578,31.11500024795532,132.35999155044556,41.51915740966797,0.420143789448782,0.3192295432090759,0
BG_870,2010-05-30 00:00:00,Arunachal Pradesh,27.4,92.35,2.5199999809265137,4.865000009536743,,2629.237060546875,21.13188999512664,0.2503266334533691,0
BG_869,2010-05-10 00:00:00,Assam,27.2333,94.1167,5.644999027252197,42.10999345779419,,90.57893371582033,0.7003269712488166,0.3297307193279266,0
BG_1084,2007-10-12 00:00:00,Arunachal Pradesh,27.7,92.8,1.6749998331069946,17.085001587867737,,2453.18310546875,14.774098163046348,,0
BG_1108,2009-08-26 00:00:00,Assam,24.9925,93.5,1.6749998331069946,4.019999980926514,60.23499917984009,1216.565185546875,10.22053006638898,,0
BG_1112,2007-08-31 00:00:00,Sikkim,27.1761,88.5287,15.809999465942385,77.38499641418457,98.33999645709991,298.3282775878906,5.591672252031471,0.2862290143966675,0
BG_1109,2010-04-02 00:00:00,Assam,25.5215,93.1645,0.0,9.214999675750732,162.67998415231705,278.50848388671875,1.9523159245730848,0.2417583912611007,0
BG_1125,2009-10-04 00:00:00,Sikkim,27.3746,88.7648,5.619999408721924,17.004998683929443,,3751.0,0.0,0.2828629612922668,0
BG_1127,2008-06-05 00:00:00,Assam,25.1718,93.123,7.399999618530273,13.094999194145204,,727.5643920898438,11.923039259895305,,0
BG_1129,2007-07-19 00:00:00,Manipur,24.8628,94.4182,4.174999713897705,7.54999965429306,48.75000184774399,889.1970825195312,29.422747902937864,,0
BG_1168,2010-07-01 00:00:00,Sikkim,27.1954,88.6115,35.81999969482422,,,471.149169921875,5.601698277056357,0.2799710929393768,0
BG_1222,2008-08-08 00:00:00,Mizoram,23.73478778,92.72124394,1.6749999523162842,16.269999742507935,113.17500138282776,971.9013061523438,23.022841960788707,0.350795716047287,0
BG_1596,2010-06-08 00:00:00,Manipur,24.7339,93.9161,39.46500015258789,141.43499374389648,224.4399871826172,886.3097534179688,10.835882126102993,0.3141410946846008,0
BG_1611,2009-09-17 00:00:00,Assam,25.1553,93.028,10.93000030517578,31.00000095367432,59.89000487327576,591.91650390625,21.88137831466092,0.408057302236557,0
BG_1613,2010-04-15 00:00:00,Arunachal Pradesh,27.8997,93.3497,10.235000610351562,19.605000019073486,,879.9609375,5.926442755152011,,0
BG_1756,2010-04-01 00:00:00,Sikkim,27.322,88.6087,1.0099999904632568,19.81000018119812,27.83499953150749,1496.3751220703125,31.323918278254823,,0
BG_1755,2007-09-09 00:00:00,Sikkim,27.3341,88.6083,9.549999237060549,52.27999114990234,138.43999481201172,1451.62548828125,20.328596105918432,,0
BG_1770,2008-06-08 00:00:00,Assam,26.1965,91.763,22.78999710083008,46.3599967956543,,90.6394500732422,2.27115786595453,0.3082292675971985,0
BG_1771,2008-08-13 00:00:00,Assam,26.1978,91.7665,21.239999771118164,76.81500053405762,190.1499969959259,77.6644515991211,12.210024789190152,0.3406710922718048,0
BG_1776,2008-08-23 00:00:00,Meghalaya,25.3612,92.2845,0.0,,,1222.7386474609375,4.764819040031327,0.3220357000827789,0
BG_1775,2007-07-13 00:00:00,Arunachal Pradesh,27.8965,96.1779,1.059999942779541,18.73999929428101,,202.17515563964844,2.27479529638357,0.2556354105472564,0
BG_1857,2008-10-28 00:00:00,Meghalaya,25.3433,92.2897,0.0,92.06000423431396,,1200.17822265625,2.938398735796884,0.3166996240615845,0
BG_1930,2007-08-29 00:00:00,Arunachal Pradesh,28.4298,95.8776,6.505000114440918,6.715000122785568,37.18499764800072,502.77978515625,21.544862658979795,0.3182986974716186,0
BG_1929,2010-03-28 00:00:00,Sikkim,27.3543,88.6428,1.5399999618530271,6.924999445676804,10.7249993160367,2134.095947265625,25.05438392134897,,0
BG_1935,2009-09-29 00:00:00,Tripura,23.8986,91.7599,19.584999084472656,,,181.64187622070312,1.1805131202252632,0.2956281900405884,0
BG_1934,2010-06-15 00:00:00,Assam,24.6005,92.3814,6.090000152587891,25.76000022888184,96.649995803833,94.11790466308594,13.83840385958722,0.4792030453681946,0
BG_1954,2010-03-29 00:00:00,Manipur,24.7543,93.5039,2.8999998569488525,15.169998943805696,15.179998943582175,396.5953674316406,13.541748211840211,,0
BG_1961,2008-06-08 00:00:00,Meghalaya,25.8833,91.2,33.48999786376953,50.47999858856201,,247.497314453125,19.491589022631334,0.3337455689907074,0
BG_1987,2010-07-01 00:00:00,Assam,25.2269,93.1658,21.6200008392334,,,393.1159973144531,3.069530133227416,0.3804126977920532,0
BG_1986,2008-06-19 00:00:00,Nagaland,26.3335,94.5512,2.445000171661377,52.2699990272522,99.87499523162842,1363.6087646484375,4.783341708185375,,0
BG_1994,2008-05-16 00:00:00,Assam,25.0633,92.8025,0.6050000190734863,4.860000014305115,,91.29263305664062,14.56718675459746,0.2731640338897705,0
BG_1996,2010-06-10 00:00:00,Nagaland,26.4333,94.8833,0.2649999856948852,37.35999929904938,53.88999927043915,554.3593139648438,23.68221784436837,,0
BG_2026,2008-06-09 00:00:00,Meghalaya,25.4916,91.2698,8.119998931884766,59.199989318847656,88.29498827457428,1488.943359375,6.414230275061489,0.2983663082122803,0
BG_2025,2007-07-21 00:00:00,Meghalaya,25.5728,91.885,3.255000114440918,80.32001399993896,402.12001037597656,1504.425537109375,5.66685744771297,,0
BG_2045,2008-08-14 00:00:00,Nagaland,26.2363,94.8133,23.07499885559082,65.25499725341797,135.0450050830841,1546.8511962890625,12.564283462139215,,0
BG_2043,2010-04-18 00:00:00,Nagaland,26.7225,95.0281,33.869998931884766,89.34000015258789,199.21999502182007,702.7037353515625,7.992125468794053,,0
BG_2042,2007-09-07 00:00:00,Nagaland,26.0093,94.5238,12.07500171661377,62.80499172210693,,1799.443603515625,16.4032901545723,0.423195332288742,0
BG_2044,2008-08-13 00:00:00,Nagaland,25.8877,94.7861,8.179999351501465,60.35499858856201,126.9499904513359,1166.9500732421875,7.294347434078479,0.372331440448761,0
BG_2098,2007-08-23 00:00:00,Nagaland,26.7215,95.0283,4.959999561309815,22.41499799489975,,714.2728881835938,6.106729147940272,,0
BG_2106,2009-09-30 00:00:00,Nagaland,26.8716,94.9921,0.0,,,279.7633361816406,9.979892896351844,0.3314432501792907,0
BG_2113,2008-08-16 00:00:00,Sikkim,27.3773,88.559,15.914999008178713,82.10000419616699,162.76999866962433,1498.0386962890625,33.05317513133576,,0
BG_2140,2008-05-18 00:00:00,Assam,25.0477,92.801,6.614999771118164,9.079999685287476,,189.42645263671875,26.75577420982616,0.2782536745071411,0
BG_2163,2007-09-17 00:00:00,Nagaland,25.4196,94.1054,2.7249999046325684,16.834999561309814,28.054998576641083,1414.69580078125,14.839305749221632,,0
BG_2166,2009-08-09 00:00:00,Assam,24.9786,93.5027,0.1949999928474426,4.85999995470047,,1306.484130859375,13.393418655617172,,0
BG_2164,2009-09-15 00:00:00,Manipur,25.3098633,94.48214677,37.23500061035156,72.28500175476074,,1546.2117919921875,25.519678540185502,0.3748166263103485,0
BG_2182,2010-06-23 00:00:00,Manipur,24.9356,93.8443,8.350000381469727,,,850.3109130859375,1.83320949198722,0.43605637550354,0
BG_2205,2008-08-07 00:00:00,Mizoram,23.7365,92.7146,11.614999771118164,19.59999990463257,121.12000131607056,1065.90380859375,31.085911950075296,0.3104824125766754,0
BG_2243,2007-08-31 00:00:00,Nagaland,25.70223725,94.04619681,31.434993743896484,57.60499382019043,115.30999326705933,1015.9720458984376,14.531680037959983,,0
BG_2247,2010-05-11 00:00:00,Nagaland,26.148,94.8422,0.3050000071525574,2.6599997878074646,33.95999723672867,1481.805419921875,30.80976047462523,0.3837200999259949,0
BG_2248,2009-08-26 00:00:00,Nagaland,26.222,94.9152,3.575000286102295,13.630000412464142,138.48499995470047,1765.640869140625,25.27403957453871,,0
BG_2249,2009-10-04 00:00:00,Nagaland,26.0814,94.803,28.22500228881836,54.550002574920654,,925.2752075195312,32.56530974295045,,0
BG_2253,2007-07-26 00:00:00,Manipur,25.31006064,94.48265093,59.77000427246094,73.2400016784668,81.68000102043152,1546.2117919921875,25.51968892599919,0.4150725603103637,0
BG_2263,2007-10-21 00:00:00,Nagaland,26.2753,94.6654,1.2649999856948853,6.090000122785568,86.43500229716301,1143.210693359375,28.852982223479387,,0
BG_2283,2010-04-12 00:00:00,Manipur,24.8961,93.4957,3.4649999141693115,,,1012.417236328125,18.636583800254776,,0
BG_2282,2010-05-11 00:00:00,Nagaland,26.1984,94.8158,0.3050000071525574,2.6599997878074646,33.95999723672867,1882.138427734375,21.943067153560254,0.3837200999259949,0
BG_2281,2008-08-06 00:00:00,Nagaland,25.61560252,94.11603493,9.130000114440918,20.044999361038208,,1633.5904541015625,23.358494955096305,,0
BG_2296,2010-04-21 00:00:00,Sikkim,27.167,88.3652,0.60999995470047,2.7249998301267624,24.609999179840088,1474.5645751953125,23.039844428243395,0.2412163019180297,0
BG_2304,2010-05-26 00:00:00,Nagaland,25.5718,94.1211,4.894999504089356,,,1622.5428466796875,3.9057655641778495,,0
BG_2344,2008-06-14 00:00:00,Assam,24.7505,93.4221,18.60499763488769,46.37000060081482,127.32999920845032,781.7396240234375,9.56697480731524,,0
BG_2343,2010-06-09 00:00:00,Nagaland,25.4786,94.1327,3.789999485015869,16.529999256134033,125.31999969482422,1759.3846435546875,7.744327035351294,0.354899525642395,0
BG_2345,2007-10-16 00:00:00,Sikkim,27.3392,88.6188,12.39000129699707,15.210001051425934,25.430000126361847,1861.66748046875,21.44115251239517,,0
BG_2392,2007-09-24 00:00:00,Sikkim,27.3702,88.7334,12.610000610351562,,,3522.42529296875,6.535219698283357,,0
BG_2405,2009-09-29 00:00:00,Arunachal Pradesh,28.3036,95.4112,0.0,,,1839.6605224609373,41.81535933379792,,0
BG_2411,2009-08-27 00:00:00,Arunachal Pradesh,27.0011,93.7273,15.329998970031738,21.46999883651733,157.78999614715576,110.6159439086914,1.9715355919127064,0.4139985740184784,0
BG_2415,2007-08-25 00:00:00,Nagaland,25.63961883,94.11112157,5.074999809265137,15.179999351501465,,1498.7935791015625,15.157388265902547,,0
BG_2420,2010-05-11 00:00:00,Mizoram,23.72988966,92.71495623,0.0,43.84499549865723,76.17499542236328,978.51220703125,26.062897299524877,,0
BG_2425,2007-09-10 00:00:00,Mizoram,23.3439,93.0748,0.3449999690055847,112.07001346349716,205.4750148653984,1318.17236328125,33.79112668118485,,0
BG_2423,2010-04-21 00:00:00,Mizoram,23.73504471,92.71060943,0.0049999998882412,66.81500137317926,84.72499952185899,932.2317504882812,20.659012683856893,0.3061545491218567,0
BG_2424,2007-05-18 00:00:00,Mizoram,23.591,92.9296,36.71500015258789,,,798.7151489257812,18.41200079464293,0.3995256721973419,0
BG_2426,2010-04-19 00:00:00,Mizoram,22.7176,92.8416,0.4150000214576721,19.889998018741608,20.25499799847603,732.7857055664062,16.464160642593765,,0
BG_2422,2010-04-17 00:00:00,Mizoram,23.74182634,92.7141905,1.329999923706055,3.694999903440476,8.729999750852585,936.4642333984376,19.250862320953264,,0
BG_2421,2010-04-15 00:00:00,Mizoram,23.75406693,92.74128531,0.2199999988079071,5.2549998462200165,,958.1802978515624,20.527699123499648,,0
BG_2437,2009-09-14 00:00:00,Mizoram,23.7527,92.694,9.640000343322754,10.33000035583973,,792.6718139648438,24.823055379887705,,0
BG_2436,2008-08-15 00:00:00,Mizoram,24.3069,93.125,13.780000686645508,55.15499782562256,225.7000036239624,762.44873046875,10.614539847439517,,0
BG_2539,2009-10-05 00:00:00,Arunachal Pradesh,28.3092,95.4149,12.514999389648438,38.28499746322632,39.22999739646912,1870.9359130859373,43.525787197009976,0.3319629728794098,0
BG_2569,2007-10-13 00:00:00,Nagaland,25.2745,94.0212,3.7100000381469727,8.309999823570251,,1067.34375,6.39634218136189,,0
BG_2570,2010-04-15 00:00:00,Manipur,24.837,93.9128,1.204999923706055,11.674999237060549,,785.0609130859375,11.619486563320518,0.3091509342193603,0
BG_2566,2009-08-07 00:00:00,Nagaland,25.4769,94.1351,5.710000038146973,,,1668.579345703125,18.37668842461727,,0
BG_2567,2008-08-12 00:00:00,Manipur,25.6633,94.4703,18.05999755859375,77.23999977111816,103.53500080108644,1443.024169921875,2.1434637184377445,,0
BG_2568,2008-08-25 00:00:00,Assam,24.7679,93.4108,17.84499740600586,47.56500059366226,,516.9309692382812,23.091548593907945,0.3799537718296051,0
BG_2576,2009-08-10 00:00:00,Nagaland,25.4788,94.1399,1.6499996185302734,7.574999451637268,,1651.601318359375,13.549160732280209,,0
BG_2575,2007-07-12 00:00:00,Assam,25.5242,92.9914,0.089999996125698,1.165000043809414,,150.61492919921875,12.141655563948596,0.3354256749153137,0
BG_2579,2007-08-25 00:00:00,Nagaland,25.682,94.1076,5.074999809265137,15.179999351501465,,1441.2371826171875,9.85394574435498,,0
BG_2578,2007-09-25 00:00:00,Nagaland,25.3179,94.0462,0.0,1.180000066757202,,994.1492919921876,10.430040178772437,,0
BG_2577,2007-07-30 00:00:00,Nagaland,25.5265,93.8673,4.2400007247924805,13.220000505447388,163.74000120162964,1376.55322265625,16.619607845613295,0.4285716116428375,0
BG_2573,2008-08-07 00:00:00,Assam,25.1796,93.0083,8.329998970031738,21.744997024536133,47.80499577522278,685.9299926757812,5.579341763684745,0.3879051506519317,0
BG_2574,2009-09-15 00:00:00,Assam,25.4749,93.1477,6.625,24.14499893784523,,151.63174438476562,4.225193687616515,,0
BG_2587,2009-09-12 00:00:00,Nagaland,25.6623,94.1072,0.7149999737739563,,,1371.4375,12.522138111184905,,0
BG_2743,2008-08-15 00:00:00,Arunachal Pradesh,27.5798729,91.85672387,2.4000003337860107,5.270000338554382,35.764999985694885,2757.57470703125,20.957683149838523,0.3684829473495483,0
BG_3269,2010-05-29 00:00:00,Arunachal Pradesh,28.0791,96.5242,1.4800000190734863,10.514999978244305,,553.9533081054688,19.473114812070424,,0
BG_3525,2009-08-09 00:00:00,Assam,25.0672,93.4093,0.1699999868869781,2.115000158548355,,459.5545043945313,10.707753160884128,,0
BG_3532,2007-07-22 00:00:00,Assam,25.0888,92.8551,6.829998970031738,8.834998905658722,68.96499472856522,244.4788360595703,11.908762603110585,0.404114156961441,0
BG_3556,2010-04-11 00:00:00,Manipur,25.1555,93.8474,2.1050000190734863,,,1397.519775390625,35.33152377804599,0.3121587038040161,0
BG_3560,2009-08-11 00:00:00,Manipur,24.8286,93.5935,36.90499877929688,37.154998790472746,,710.215087890625,40.9470048174345,,0
BG_3633,2009-08-27 00:00:00,Nagaland,26.3186,94.5121,15.309999465942385,34.36500072479248,115.05000162124634,1248.058349609375,18.335295455110646,,0
BG_3637,2009-08-09 00:00:00,Nagaland,25.51614662,94.2341227,1.56000018119812,8.959999680519104,,1650.436767578125,21.656665151294096,,0
BG_3663,2009-08-06 00:00:00,Nagaland,25.6682,94.1099,3.7649996280670166,,,1427.8831787109375,10.39657212947064,,0
BG_3662,2007-07-25 00:00:00,Manipur,25.03561729,94.0144205,21.74499893188477,37.294997453689575,46.3099969625473,873.1486206054688,1.750294545261313,0.3871437311172485,0
BG_3672,2009-08-07 00:00:00,Assam,25.5125,93.3613,4.224999904632568,,,319.2935791015625,9.691978037049315,0.3079003393650055,0
BG_3683,2010-04-19 00:00:00,Nagaland,25.8782,94.1739,27.704998016357425,73.11000460386276,84.09500387310982,1341.722900390625,14.943273727794663,0.2987590134143829,0
BG_3738,2007-10-19 00:00:00,Manipur,24.8063,93.9482,1.75,5.359999775886536,110.31499445438384,782.4737548828125,0.6791583140659632,0.3733368217945099,0
BG_3741,2009-08-19 00:00:00,Nagaland,25.4191,94.1079,6.549999237060547,12.829999208450316,,1395.17626953125,1.6594911470021607,,0
BG_3760,2007-07-10 00:00:00,Nagaland,25.6703,94.1095,2.625,,,1456.5213623046875,13.07152629953388,,0
BG_3776,2008-06-04 00:00:00,Arunachal Pradesh,27.125,93.7145,6.064998626708984,,,132.451416015625,0.2411824569429258,0.3991499245166778,0
BG_3789,2008-08-07 00:00:00,Arunachal Pradesh,27.2743,92.9064,1.3750001192092896,45.53500139713287,85.75999820232391,648.58837890625,14.52495726994194,0.244949460029602,0
BG_3794,2010-07-04 00:00:00,Sikkim,26.99195749,88.42280921,30.255002975463867,130.98499488830566,,266.56561279296875,23.0967286030152,0.3340013027191162,0
BG_3805,2007-09-14 00:00:00,Sikkim,27.05374234,88.42572376,15.00999927520752,35.79499912261963,113.98500227928162,241.2666473388672,27.94774742610518,0.2902610301971435,0
BG_3806,2007-10-13 00:00:00,Arunachal Pradesh,27.1032,93.6884,0.0599999986588954,1.889999832957983,,149.3597869873047,2.8279859646188776,0.3882121741771698,0
BG_3830,2008-06-19 00:00:00,Manipur,24.3527,94.3429,3.5199999809265137,24.479999542236328,119.16499519348145,297.0299377441406,19.03597709260396,,0
BG_3831,2010-07-13 00:00:00,Manipur,24.7992,93.948,6.00999927520752,,,780.68310546875,0.1426105250851683,0.3991796970367431,0
BG_3837,2010-05-29 00:00:00,Assam,26.5836,93.0038,0.574999988079071,20.884997069835663,,67.86807250976562,0.3439630355576159,0.270364761352539,0
BG_3840,2007-07-11 00:00:00,Manipur,24.6869,93.9157,3.4099996089935303,,,771.7228393554688,0.0511407299169645,0.2791377007961273,0
BG_3860,2007-09-18 00:00:00,Nagaland,25.4192,94.108,1.0299999713897705,9.954999685287476,27.764998614788052,1382.6461181640625,12.27617247937858,,0
BG_3881,2010-05-08 00:00:00,Arunachal Pradesh,27.1034,93.6885,11.404999732971191,15.994999408721924,,149.3597869873047,2.827986226341885,0.3628360331058502,0
BG_3912,2007-07-17 00:00:00,Arunachal Pradesh,27.44,92.2833,0.2699999809265136,106.18500089645386,156.4849956035614,2626.048095703125,4.533004888702008,0.2657856345176697,0
BG_3916,2010-05-29 00:00:00,Assam,25.7713,93.8067,0.7299999594688416,13.784999310970306,,234.64732360839844,5.9189596582994,0.3547432720661163,0
BG_3925,2007-10-14 00:00:00,Arunachal Pradesh,27.4888,93.0153,0.0,0.0,,524.2296142578125,15.519584790197255,,0
BG_3927,2010-06-13 00:00:00,Meghalaya,25.5144,90.2167,0.0,4.534999847412109,212.08998382557184,310.52703857421875,6.289482112979202,0.3339056670665741,0
BG_3932,2007-10-17 00:00:00,Nagaland,25.83,94.13,1.34499990940094,36.205002427101135,62.70499837398529,1015.3535766601562,9.571734414643762,,0
BG_3965,2008-08-06 00:00:00,Assam,24.808,93.117,24.644996643066406,74.27499198913574,,37.671669006347656,2.392118359366561,0.3293384909629822,0
BG_3983,2009-09-13 00:00:00,Assam,26.1548,91.7351,0.1949999928474426,0.9800000786781312,,54.68962478637695,0.3837824318312077,0.3330580592155456,0
BG_4241,2007-08-22 00:00:00,Manipur,25.1604,93.6795,1.2050000429153442,11.2599995136261,,1093.4697265625,17.06270524562739,,0
BG_4313,2009-08-07 00:00:00,Arunachal Pradesh,28.4659,95.86,29.455001831054688,,,1059.2249755859375,30.87671786487958,,0
BG_4378,2008-08-25 00:00:00,Arunachal Pradesh,28.8254,96.1517,14.564998626708984,14.989998623728752,,3591.05078125,23.540266386482926,0.3316360116004944,0
BG_4377,2010-04-16 00:00:00,Assam,26.1475,91.7356,38.04499816894531,60.21499633789063,,50.504974365234375,0.3347274957215151,0.2302022576332092,0
BG_4382,2013-07-12 00:00:00,Assam,25.1175,92.8573,10.804999351501465,,,152.45416259765625,10.227860546228545,0.3735935688018799,0
BG_4383,2009-09-14 00:00:00,Assam,25.3056,93.1265,11.485000610351562,12.505000591278076,,313.8147888183594,12.8410846791168,,0
BG_4384,2008-06-19 00:00:00,Assam,25.1775,93.0123,11.35999870300293,30.234996795654297,67.9349969625473,656.19873046875,11.69347220806168,,0
BG_4394,2008-06-18 00:00:00,Sikkim,27.1748,88.6458,10.925000190734863,44.69499969482422,94.15500140190125,948.4487915039062,18.57108273382141,,0
BG_4403,2008-08-02 00:00:00,Manipur,24.8142,93.5444,11.414999961853027,,,534.1045532226562,26.715680746098958,,0
BG_4407,2010-05-06 00:00:00,Assam,25.0951,92.3567,3.819999933242798,,,236.08616638183597,25.38017185484173,0.3303753137588501,0
BG_4408,2008-05-16 00:00:00,Meghalaya,25.5498,92.0757,5.579999923706055,7.790000140666962,,1259.6912841796875,20.44507922782404,,0
BG_4411,2007-09-02 00:00:00,Sikkim,27.339,88.6065,19.650007247924805,,,1518.2493896484375,21.796815794809486,,0
BG_4424,2008-05-19 00:00:00,Assam,26.149,91.7351,0.2799999713897705,13.50499975681305,,51.66925048828125,0.3576453461416919,0.2809700071811676,0
BG_4426,2007-05-22 00:00:00,Assam,26.1226,91.7162,15.554998397827148,16.09499841928482,,77.5579605102539,18.559108099628173,0.2787957787513733,0
BG_4435,2007-07-28 00:00:00,Arunachal Pradesh,27.174,95.8011,27.28999900817871,93.07999324798584,269.03000259399414,294.7779846191406,0.418461501633868,0.4357012808322906,0
BG_4436,2007-07-24 00:00:00,Arunachal Pradesh,26.9986,95.4993,8.835000038146973,115.75498294830322,211.76498079299927,654.2726440429688,19.60766275961832,0.4503813683986664,0
BG_4434,2010-04-13 00:00:00,Assam,26.1049,91.7369,19.69499969482422,34.47000026702881,,164.45504760742188,14.978538157054372,0.2318838685750961,0
BG_4446,2010-03-24 00:00:00,Arunachal Pradesh,28.9986,94.8885,2.0299999713897705,4.159999698400497,,604.846435546875,6.390122612713969,,0
BG_4552,2009-10-03 00:00:00,Sikkim,27.0377,88.3603,0.6850000023841858,4.7549996972084045,,1479.0753173828125,18.636959614014973,0.2466743290424347,0
BG_4556,2008-08-13 00:00:00,Sikkim,27.1675,88.3651,1.679999828338623,39.00499677658081,113.7749968767166,1516.3795166015625,22.547196686834507,0.3438964784145355,0
BG_4570,2010-03-23 00:00:00,Arunachal Pradesh,27.8458,95.2253,13.804999351501465,25.78499794006348,,134.03646850585938,0.213831350154862,0.3082804083824157,0
BG_4610,2007-08-31 00:00:00,Mizoram,23.7705,92.5217,10.545000076293944,64.07999801635742,137.94499111175537,69.35420227050781,5.652485435834454,,0
BG_4757,2010-06-09 00:00:00,Arunachal Pradesh,28.1193,95.1645,9.459999084472656,24.97499942779541,135.9149990081787,763.1484375,31.171560752083405,0.3554641306400299,0
BG_4798,2008-08-24 00:00:00,Arunachal Pradesh,28.8254,96.1509,0.3149999976158142,3.5100000351667404,,3630.580322265625,28.333637780888576,,0
BG_4845,2010-06-22 00:00:00,Mizoram,24.2315,92.6755,3.5550005435943604,,,670.7227783203125,3.8653983437020623,0.3713070154190063,0
BG_4848,2007-08-29 00:00:00,Tripura,24.0896,91.4663,0.1399999856948852,29.820000290870667,97.25000536441804,107.05660247802734,1.222178591776373,0.3504415452480316,0
BG_4860,2008-08-23 00:00:00,Assam,26.1016,91.6906,3.0,,,98.29304504394533,26.776629666976444,0.3390052318572998,0
BG_4859,2009-10-03 00:00:00,Assam,26.1771,91.7599,46.78499603271485,46.92999602854252,,77.53565979003906,7.507025108973674,0.2912039160728454,0
BG_4858,2008-08-23 00:00:00,Assam,26.1662,91.7138,6.654999732971191,,,121.53782653808594,23.841626475245743,0.3390052318572998,0
BG_4857,2008-08-09 00:00:00,Mizoram,23.7281,92.7175,37.22499847412109,50.51499819755554,125.67500138282776,1079.529296875,13.377185283247425,,0
BG_4861,2007-09-02 00:00:00,Assam,24.9926,93.4946,24.53000259399414,,,1136.5438232421875,7.782969512511468,0.3785277307033539,0
BG_4892,2008-06-12 00:00:00,Arunachal Pradesh,27.8776,94.25,2.6549997329711914,85.71500873565674,90.01500840485096,946.2015380859376,31.21042280258349,,0
BG_4906,2007-09-24 00:00:00,Nagaland,26.0977,94.7499,0.0599999986588954,,,1550.5186767578125,4.747248938887835,0.3482716679573059,0
BG_4905,2007-10-19 00:00:00,Nagaland,26.0977,94.7031,4.925000190734863,18.60999727249145,92.17999458312988,1737.668701171875,38.75278807710344,,0
BG_4908,2009-09-30 00:00:00,Sikkim,27.3721,88.708,1.8050003051757808,,,3190.539306640625,27.20197115592011,,0
BG_4990,2009-08-26 00:00:00,Sikkim,27.3765,88.7628,5.550000190734863,52.479997634887695,134.40499114990234,3763.635986328125,20.79108237644828,0.3076637685298919,0
BG_5005,2009-08-20 00:00:00,Nagaland,26.72,95.029,13.745000839233398,29.30999875068665,66.22499871253967,688.4716186523438,9.0848735583382,,0
BG_5006,2008-06-07 00:00:00,Nagaland,26.1147,94.3864,3.3350000381469727,18.88499927520752,,337.5,9.10036839414118,,0
BG_5087,2010-06-27 00:00:00,Nagaland,25.6269,94.1139,5.284999847412109,38.78499794006348,,1567.5880126953125,13.056143004552265,,0
BG_5084,2007-07-24 00:00:00,Nagaland,25.616,94.1167,2.864999771118164,21.314997673034668,43.47999772429466,1590.478759765625,23.61126377006474,,0
BG_5107,2008-05-20 00:00:00,Nagaland,25.6269,94.1139,5.209999561309815,29.5199990272522,121.07499551773073,1567.5880126953125,13.056143004552265,,0
BG_5123,2007-08-20 00:00:00,Nagaland,25.7131,94.0885,6.444999694824219,,,1401.7059326171875,26.70615020504961,,0
BG_5122,2008-05-20 00:00:00,Nagaland,25.7658,93.9413,10.579999923706056,55.36500358581543,108.96500158309937,833.7742309570312,36.578371858967934,0.3962548971176147,0
BG_5250,2010-06-28 00:00:00,Arunachal Pradesh,27.8837,93.0515,8.930001258850098,57.11500072479248,110.92000222206116,1558.798828125,40.06853921050361,0.3586088120937347,0
BG_5269,2008-06-09 00:00:00,Nagaland,25.8376,94.5234,31.194997787475582,90.10000038146973,152.48999738693237,798.6962280273438,1.1819451322000414,0.3883855938911438,0
BG_5275,2010-06-11 00:00:00,Nagaland,26.1498,94.6055,21.609996795654297,38.1699960231781,67.2099940776825,1734.0289306640625,25.7561084178504,0.3853419423103332,0
BG_5272,2008-08-23 00:00:00,Nagaland,26.2083,94.5438,10.315000534057615,,,1473.24267578125,8.41750838438602,0.4007281959056854,0
BG_5271,2009-10-04 00:00:00,Nagaland,26.284,94.5808,20.875,46.50500011444092,,711.1846923828125,23.151207535394278,,0
BG_5268,2008-08-12 00:00:00,Nagaland,26.0137,94.5163,14.89000129699707,46.60000324249268,100.1850026845932,1720.0069580078125,15.13729611609774,,0
BG_5270,2007-10-10 00:00:00,Nagaland,26.0481,94.4619,6.210000038146973,,,856.384765625,24.44985769693506,,0
BG_5274,2010-04-11 00:00:00,Nagaland,26.0838,94.564,0.0750000029802322,,,1821.3651123046875,16.008288765903156,0.3364334106445312,0
BG_5273,2010-07-01 00:00:00,Nagaland,26.1807,94.5497,15.44499969482422,,,1658.3319091796875,30.85067419935217,,0
BG_5300,2007-10-10 00:00:00,Nagaland,25.318,94.0441,2.1049997806549072,,,994.168701171875,11.101210687558725,,0
BG_5312,2010-04-15 00:00:00,Assam,26.7103,94.693,73.43498992919922,79.72999012470245,,688.3138427734375,14.817900307470186,0.2989755868911743,0
BG_5427,2007-09-29 00:00:00,Nagaland,25.3833,94.1884,1.6200001239776611,28.31999897956848,29.82499884814024,1683.362060546875,19.20581942349252,,0
BG_5337,2010-03-23 00:00:00,Nagaland,26.4205,94.9731,0.0,0.1499999910593032,,697.493896484375,23.06601599120116,0.2260715663433075,0
BG_5338,2010-04-17 00:00:00,Assam,26.8727,94.9275,36.31500244140625,87.57500267028809,151.45500111579895,133.6025848388672,2.78167324195934,0.2955727875232696,0
BG_5336,2008-08-10 00:00:00,Nagaland,26.3897,94.9439,17.325000762939453,37.140002608299255,48.960002303123474,530.5360107421875,18.547973567345885,0.3470034897327423,0
BG_5343,2010-03-28 00:00:00,Assam,24.7625,93.4341,9.519999504089355,10.494999527931212,10.494999527931212,651.69677734375,30.1528521155198,0.233207955956459,0
BG_5421,2007-10-12 00:00:00,Nagaland,26.4205,94.9731,2.2799999713897705,7.404999732971191,,697.493896484375,23.06601599120116,,0
BG_5430,2007-07-22 00:00:00,Manipur,24.9037,93.487,3.87999963760376,7.34999942779541,30.57499933242798,1241.159423828125,26.78419435320772,,0
BG_5431,2007-07-26 00:00:00,Assam,24.9829,93.5063,56.80001068115234,98.63000988960266,111.8000096976757,1314.5050048828125,26.284742453783096,,0
BG_5429,2008-08-09 00:00:00,Sikkim,27.3425,88.2426,75.45999908447266,93.03499984741212,209.08499431610107,1383.0098876953125,30.021069845177745,0.2641939222812652,0
BG_5442,2010-06-10 00:00:00,Arunachal Pradesh,27.1614,93.7525,17.419998168945312,37.55999660491944,64.58999729156494,149.61477661132812,4.621000055076318,0.3502453863620758,0
BG_5441,2007-08-23 00:00:00,Arunachal Pradesh,28.611,94.9829,2.7049999237060547,14.839998722076416,,1690.5528564453125,38.98998666263213,0.276035726070404,0
BG_5476,2008-08-11 00:00:00,Sikkim,27.3736,88.7323,25.61499786376953,86.08499908447266,147.30999851226807,3413.894287109375,14.258584749029566,,0
BG_5552,2009-10-05 00:00:00,Manipur,25.0985,94.3619,0.7299998998641968,52.84499394893646,54.714993953704834,1896.70556640625,2.859625007841976,0.3918259739875793,0
BG_5575,2007-09-11 00:00:00,Nagaland,25.8266,94.1497,2.0799999237060547,14.769999504089355,91.10499000549316,1386.3798828125,20.044350296576216,0.3980127274990082,0
BG_5584,2010-03-24 00:00:00,Assam,26.1665,91.7049,0.0,0.3699999749660492,,239.8996124267578,11.463749205765804,0.1702930331230163,0
BG_5582,2007-10-20 00:00:00,Assam,26.1309,91.8383,0.0,6.494999885559082,66.53999292850494,106.2123565673828,12.837520447492777,,0
BG_5603,2010-05-05 00:00:00,Manipur,25.426,94.6024,2.1049997806549072,,,1345.79541015625,11.386872692468025,0.2783718407154083,0
BG_6015,2009-08-12 00:00:00,Arunachal Pradesh,27.9032,96.174,36.35000228881836,72.07000160217285,167.16999396681786,196.5,1.1053857993002187,0.2919610738754272,0
BG_6016,2008-10-28 00:00:00,Assam,24.8669,92.3576,0.0,50.94999885559082,,18.60521507263184,0.6452582611670367,0.3872455358505249,0
BG_6105,2007-09-04 00:00:00,Arunachal Pradesh,28.9205,95.3429,47.40499877929688,82.02499580383301,,4060.471435546875,21.555826142992093,0.3520506620407104,0
BG_6106,2008-08-13 00:00:00,Assam,26.1407,91.7645,21.239999771118164,76.81500053405762,190.1499969959259,61.37545776367188,3.254360097277563,0.3406710922718048,0
BG_6107,2010-05-30 00:00:00,Assam,26.1844,91.7896,4.46999979019165,5.279999747872353,,60.07725524902344,1.46713515742547,0.323796272277832,0
BG_6110,2007-05-21 00:00:00,Assam,26.1619,91.7697,0.5400000214576721,0.5750000216066837,,54.79754257202149,0.6778497685100712,0.2489058673381805,0
BG_6112,2010-04-02 00:00:00,Assam,26.1964,91.7652,0.0,43.68999862670898,140.75999927520752,78.09309387207031,5.571555263934756,0.3320246040821075,0
BG_6143,2008-08-22 00:00:00,Mizoram,23.7327,92.7463,12.139999389648438,,,835.0313720703125,23.85270630158703,0.3472494184970855,0
BG_6513,2010-03-23 00:00:00,Tripura,23.0137,91.7174,0.0,0.0,,29.43540573120117,3.55358466081232,0.1327518820762634,0
BG_6200,2009-09-14 00:00:00,Arunachal Pradesh,27.0869,93.6086,0.7999999523162842,1.9999999105930328,,314.74285888671875,4.201957925005642,0.4032378494739532,0
BG_6331,2008-08-05 00:00:00,Nagaland,25.9466,94.6279,0.7800000905990601,31.500001311302185,,1376.4241943359375,31.43488369834322,0.3537955582141876,0
BG_6291,2007-10-21 00:00:00,Meghalaya,25.7354,90.3852,0.0,0.0,34.12999625504017,336.98162841796875,3.027396318561089,0.2852316796779632,0
BG_6286,2009-08-25 00:00:00,Assam,26.1044,91.7082,0.3299999833106994,3.290000021457672,118.85499745607376,53.10300064086914,0.4118657325767047,0.3454432189464569,0
BG_6282,2007-08-26 00:00:00,Assam,26.1097,91.7747,23.440000534057617,28.5,69.83500236272812,59.16788864135742,0.3907910223987338,0.3558257818222046,0
BG_6287,2009-08-14 00:00:00,Assam,26.1295,91.7056,14.165000915527344,,,144.85511779785156,5.955405865097465,0.3578048944473266,0
BG_6289,2007-07-26 00:00:00,Assam,26.1001,91.6849,66.33499908447266,115.11999416351318,156.82498943805695,78.21826934814453,20.01523238055724,0.3651580512523651,0
BG_6283,2009-08-30 00:00:00,Assam,26.1314,91.7548,61.55500030517578,168.29499626159668,201.03499537706372,73.79217529296875,3.271298556575069,0.3409998714923858,0
BG_6285,2009-08-25 00:00:00,Assam,26.159,91.8178,0.6449999809265137,9.65999984741211,127.25000762939452,68.1056137084961,9.441845618869186,0.3449989557266235,0
BG_6288,2007-07-23 00:00:00,Assam,26.1985,91.7998,17.96500015258789,44.96500325202942,97.33999991416933,78.13919067382812,9.3130438737423,0.3614436686038971,0
BG_6284,2010-04-02 00:00:00,Assam,26.1324,91.8342,0.0,27.44000045582652,113.98999683186412,70.63053894042969,5.33857295571748,0.3320246040821075,0
BG_6292,2008-08-02 00:00:00,Assam,25.7238,89.9032,4.545000076293945,,,36.08806610107422,5.077594454600511,0.3419049382209778,0
BG_6290,2010-04-17 00:00:00,Meghalaya,25.5772,91.8666,39.67999649047852,106.35499668121338,203.5199933052063,1469.179931640625,4.850323033330765,,0
BG_6213,2007-07-13 00:00:00,Meghalaya,25.8143,90.5763,22.945003509521484,64.79500007629395,,59.0,1.284541405990802,0.3244822323322296,0
BG_6222,2007-09-05 00:00:00,Arunachal Pradesh,27.1249,93.7706,47.80999374389648,132.64998626708984,,155.3608856201172,18.891500323978526,0.3219338953495025,0
BG_6214,2008-08-23 00:00:00,Meghalaya,25.9702,91.8587,11.25,,,282.1637878417969,12.26083445456824,0.3091436624526977,0
BG_6293,2007-09-07 00:00:00,Meghalaya,25.5006,90.0896,78.8499984741211,176.274995803833,,44.06074142456055,1.843003171698103,,0
BG_6775,2008-05-18 00:00:00,Assam,26.1468,91.6469,11.250000953674316,12.665000852197409,,61.37715530395508,12.197117281971686,0.2438215315341949,0
BG_6786,2009-09-13 00:00:00,Assam,24.6108,92.562,0.0700000002980232,0.0700000002980232,,26.74592399597168,1.8579276456454064,0.3160294592380523,0
BG_7591,2007-08-27 00:00:00,Assam,25.0318,92.4584,7.930000305175781,100.1099967956543,137.7949948310852,78.5792465209961,16.854512129156888,0.3776370584964752,0
BG_7031,2009-09-17 00:00:00,Sikkim,27.6163,88.6586,12.55500030517578,15.235000133514404,32.89500153064728,1875.43017578125,38.902918512917935,0.2776951491832733,0
BG_6971,2007-07-28 00:00:00,Arunachal Pradesh,27.0987,93.816,5.530000686645508,37.73999500274658,127.39499378204346,227.71990966796875,11.033658234419809,0.3551509380340576,0
BG_6968,2007-09-04 00:00:00,Meghalaya,25.463,92.2121,23.3700008392334,60.03000068664551,,1377.609130859375,1.3749903308280411,0.4316133856773376,0
BG_6970,2009-08-15 00:00:00,Meghalaya,25.5084,90.2191,40.01000595092773,,,322.29132080078125,16.070522597649376,0.3379002809524536,0
BG_6969,2010-04-18 00:00:00,Meghalaya,25.5114,90.215,51.54499816894531,269.3299903869629,351.48998975753784,305.30078125,12.793021062720015,,0
BG_6945,2007-09-03 00:00:00,Manipur,25.16,93.686,9.74000072479248,,,1024.9775390625,35.615393587583235,,0
BG_6963,2007-10-18 00:00:00,Mizoram,23.7131,92.7362,3.3949999809265137,45.69500762224197,178.45500725507736,878.6339111328125,8.321373473221605,0.3185789287090301,0
BG_6990,2010-06-15 00:00:00,Nagaland,26.0319,94.5466,7.409999847412109,46.27999496459961,83.13999319076538,1536.908935546875,39.217670311156645,0.4008502960205078,0
BG_7138,2010-07-06 00:00:00,Sikkim,27.0816,88.4397,59.040000915527344,121.4000015258789,275.1550016403198,253.37242126464844,27.474551014785938,0.2965381741523742,0
BG_7214,2009-08-14 00:00:00,Arunachal Pradesh,27.36,93.0385,2.195000171661377,,,407.9212951660156,11.736093543481376,0.3235450088977813,0
BG_7265,2008-08-09 00:00:00,Manipur,25.5007,93.9854,8.710000038146973,26.11499929428101,63.99999675154686,1436.723876953125,24.13174514578227,0.3767008483409881,0
BG_7253,2008-06-04 00:00:00,Assam,24.7979,92.9974,10.875,,,24.89543342590332,0.360829545277525,0.3735075294971466,0
BG_7267,2009-08-21 00:00:00,Manipur,25.3908,94.0926,11.374999046325684,43.07499122619629,75.1749918460846,1314.023193359375,9.710494841211126,,0
BG_7264,2009-08-16 00:00:00,Manipur,25.4538,93.9827,0.8949999809265137,61.46999311447144,,1779.438720703125,23.91934561315618,,0
BG_7263,2007-10-17 00:00:00,Manipur,25.4477,94.0489,1.9399999380111692,58.1599954366684,99.95999586582184,1341.4984130859375,28.05951827665091,,0
BG_7266,2007-05-22 00:00:00,Manipur,25.5098,93.8794,5.0,11.955000162124634,,1642.406005859375,11.935280962582716,,0
BG_7279,2007-08-28 00:00:00,Manipur,24.9818,93.5142,5.759999752044678,28.19000005722046,78.09499907493591,1246.028076171875,9.800555046118816,0.3718798160552978,0
BG_7276,2010-06-27 00:00:00,Assam,26.1062,91.8717,60.90499114990234,108.3549871444702,,253.56565856933597,5.281736175613449,0.3807041943073272,0
BG_7364,2008-08-02 00:00:00,Manipur,24.819,94.3551,0.8100000619888306,,,1615.25146484375,28.040013139423092,,0
BG_7372,2008-08-18 00:00:00,Manipur,25.0634,94.3415,26.720001220703125,45.78500032424927,89.0199978351593,1783.8829345703125,24.052539914855245,0.4161730110645294,0
BG_7389,2008-08-14 00:00:00,Manipur,24.4072,94.0644,43.41499328613281,57.8499960899353,208.83498525619507,1148.29443359375,28.350719567732504,,0
BG_7371,2010-04-16 00:00:00,Manipur,23.9939,94.0573,0.4100000262260437,1.7100000381469729,,969.0455322265624,12.07492951896979,0.1810551285743713,0
BG_7374,2007-07-18 00:00:00,Manipur,25.1122,94.3591,0.2899999618530273,11.959999442100523,67.66499817371368,1847.19091796875,11.943822935072935,0.3930011689662933,0
BG_7385,2007-07-23 00:00:00,Manipur,24.004,93.9815,2.5999999046325684,15.22499942779541,30.079999446868896,1446.16552734375,29.27036089904033,0.356151282787323,0
BG_7369,2007-10-13 00:00:00,Manipur,24.1988,94.1016,1.7249999046325684,8.554999828338623,,1384.861328125,26.11496998040373,0.3746792078018188,0
BG_7373,2008-08-19 00:00:00,Manipur,24.9111,94.4759,5.529999732971191,56.1699914932251,104.73499131202698,1841.123779296875,24.958934743055607,,0
BG_7390,2009-09-16 00:00:00,Manipur,24.4265,94.1913,1.2249999046325684,76.48500967025757,,1309.62158203125,7.454368255455166,0.3745110332965851,0
BG_7384,2008-08-22 00:00:00,Manipur,23.9278,94.0906,4.940000057220459,,,938.96240234375,8.45205026779011,0.3038747310638428,0
BG_7375,2008-08-08 00:00:00,Manipur,25.1941,94.4481,3.8550000190734863,14.759998321533203,58.28999620676041,1728.680908203125,11.593168442944496,0.370976835489273,0
BG_7370,2010-06-22 00:00:00,Manipur,24.1419,94.1078,42.79500579833984,,,1147.467529296875,27.486505817919813,0.3760096430778503,0
BG_7910,2007-08-31 00:00:00,Manipur,24.3481,94.1146,5.239999771118164,9.979999303817747,69.35000348091125,1008.185546875,4.268433459164704,0.366085410118103,0
BG_7383,2009-08-10 00:00:00,Manipur,23.899,94.1434,5.115000247955322,6.050000220537186,,268.95947265625,10.922792237896,0.3340573608875274,0
BG_7388,2008-10-27 00:00:00,Manipur,24.416,94.0984,2.664999961853028,45.61500263214111,,1378.521240234375,23.012831473771392,0.3806982338428497,0
BG_7387,2008-08-16 00:00:00,Manipur,24.954,94.2156,2.444999933242798,42.29999375343323,84.17499636113644,934.6778564453124,21.424472897043543,,0
BG_7409,2010-05-05 00:00:00,Nagaland,25.72,94.6219,2.234999895095825,,,1709.866943359375,42.60959549999416,0.2547665536403656,0
BG_7664,2007-10-10 00:00:00,Manipur,24.7459,93.4251,9.6899995803833,,,768.7366943359375,6.631046999248478,0.3528436422348022,0
BG_7666,2010-06-26 00:00:00,Manipur,25.1019,93.3729,12.315000534057615,52.164995193481445,,1131.4407958984375,5.636296233778962,,0
BG_7665,2008-05-18 00:00:00,Manipur,24.7016,93.5291,8.305000305175781,21.154997766017917,,663.2074584960938,13.912711943713912,0.3898177444934845,0
BG_7660,2008-10-28 00:00:00,Nagaland,25.6237,94.1136,1.31499981880188,51.87999653816223,,1621.5382080078125,27.665503809451607,,0
BG_7887,2008-08-29 00:00:00,Arunachal Pradesh,27.8835,96.9262,11.755000114440918,20.039999961853027,29.770000338554382,940.10791015625,33.702819331621505,,0
BG_7334,2010-05-28 00:00:00,Arunachal Pradesh,28.1737,94.7596,3.930000305175781,55.68999576568604,,571.4259643554688,24.98198610672103,0.3189512193202972,0
BG_7335,2008-08-07 00:00:00,Meghalaya,25.5145,90.2023,11.504999160766602,24.004998207092285,56.104997634887695,311.16912841796875,4.43499521787357,0.333727478981018,0
BG_7699,2007-10-15 00:00:00,Nagaland,26.0214,94.5224,31.289995193481445,47.31499671936035,,1628.211669921875,20.47408259860472,0.369515597820282,0
BG_7706,2007-05-22 00:00:00,Meghalaya,25.0728,92.3636,4.444999694824219,58.36500549316406,,122.8496551513672,9.820887733821854,0.3551805913448334,0
BG_7590,2008-06-08 00:00:00,Meghalaya,25.1416,92.3807,2.640000104904175,14.285000085830688,,159.40928649902344,12.575199124048696,0.3502141535282135,0
BG_7589,2010-05-09 00:00:00,Meghalaya,25.2568,92.3825,0.0,29.939997673034668,,794.41455078125,6.727094186871973,0.3211812674999237,0
BG_7336,2007-05-19 00:00:00,Meghalaya,25.2193,90.5549,2.6549999713897705,7.490000128746033,,277.8585205078125,1.8603991867413665,0.2268996834754943,0
BG_7701,2010-06-08 00:00:00,Nagaland,25.6278,94.1051,6.864999771118164,66.49500274658203,102.50000095367432,1525.7447509765625,19.746458014881537,,0
BG_7727,2008-10-27 00:00:00,Nagaland,25.6263,94.1057,11.239999771118164,76.35999870300293,,1511.099609375,11.936398993320072,,0
BG_7728,2007-08-26 00:00:00,Assam,26.1028,91.8806,22.114999771118164,26.144999504089355,67.2449996471405,114.29768371582033,10.73547932613818,0.3558257818222046,0
BG_7780,2007-10-19 00:00:00,Mizoram,23.3572,92.7878,4.194999694824219,8.094999432563782,160.63500797748566,1371.5789794921875,9.810149264654664,,0
BG_7778,2009-08-06 00:00:00,Mizoram,23.8447,93.0514,0.0949999988079071,,,1108.8853759765625,30.750773627027087,,0
BG_7836,2008-05-14 00:00:00,Mizoram,24.042,92.6724,0.2649999856948852,,,804.421142578125,9.180864222593245,,0
BG_7837,2007-07-29 00:00:00,Mizoram,23.7269,92.7265,2.580000162124634,16.855001091957092,82.00000298023224,833.5170288085938,24.94310478235973,,0
BG_7972,2009-09-14 00:00:00,Mizoram,23.4495,92.8112,16.994998931884766,19.55499893426895,,888.5426635742188,23.46644991811814,,0
BG_7933,2009-09-16 00:00:00,Assam,26.1868,91.6739,1.994999885559082,3.899999856948853,,50.3999252319336,1.428382673409083,0.327551007270813,0
BG_7923,2007-08-20 00:00:00,Assam,26.49349035,91.72137514,0.0949999988079071,,,59.33340072631836,1.0563652642831514,0.3153243362903595,0
BG_7956,2007-10-14 00:00:00,Meghalaya,26.048,91.8695,10.77999782562256,15.14999771118164,,84.52579498291016,9.900337388986658,0.3347989618778229,0
BG_8012,2007-09-25 00:00:00,Meghalaya,25.9703,91.8584,20.39499855041504,30.309998512268063,,282.1637878417969,12.26083739736926,0.2963044047355652,0
BG_8224,2009-09-13 00:00:00,Mizoram,23.7313,92.7187,0.7149999737739563,2.419999837875366,,1039.2362060546875,21.870021772581907,0.323246419429779,0
BG_8223,2010-03-26 00:00:00,Mizoram,23.7348,92.7187,1.7949998378753662,1.7949998378753662,,1042.5274658203125,16.10131059588318,,0
BG_8339,2010-03-25 00:00:00,Assam,26.1666,91.7042,11.344999313354492,11.344999313354492,,230.763427734375,11.918074219353304,0.179278090596199,0
BG_8366,2010-06-23 00:00:00,Meghalaya,25.583,91.893,0.2199999988079071,,,1449.671630859375,2.838949558798675,0.3100042939186096,0
BG_9405,2010-04-12 00:00:00,Nagaland,26.7223,95.0243,35.01499557495117,,,691.5819091796875,10.965793367646125,,0
BG_7655,2008-05-15 00:00:00,Arunachal Pradesh,27.5799,91.8569,11.314998626708984,,,2757.57470703125,20.95768702255558,,0
BG_9404,2007-07-29 00:00:00,Arunachal Pradesh,28.0822,96.5316,8.434999465942383,109.71999931335448,253.33499193191528,589.3150634765625,23.791217811667597,,0
BG_9338,2009-08-22 00:00:00,Assam,24.4638,92.4943,0.8250000476837158,9.430000066757202,24.044998824596405,90.42581939697266,10.65213959040596,0.3341840505599975,0
BG_9335,2010-06-13 00:00:00,Assam,24.5202,92.7239,19.60499763488769,42.22499702870846,135.8249857276678,41.02753448486328,0.2562534073507967,0.3874347805976867,0
BG_9336,2010-07-02 00:00:00,Assam,24.5308,92.5121,14.880000114440918,42.86999988555908,,63.20732879638672,7.517748358294214,0.3829026818275451,0
BG_9334,2007-09-17 00:00:00,Assam,24.5204,92.7264,50.98999786376953,79.3799934387207,163.56499004364014,40.06278610229492,1.026069248388156,0.3539833128452301,0
BG_9169,2007-09-23 00:00:00,Nagaland,26.1677,94.2442,0.0,,,772.8440551757812,24.210313580177196,,0
BG_9168,2007-07-12 00:00:00,Arunachal Pradesh,27.6438,93.871,2.775000095367432,96.49999475479126,,1681.67431640625,29.06550157128181,,0
BG_9142,2007-08-26 00:00:00,Nagaland,26.3185,94.5247,81.52499389648438,100.60499477386476,120.20999383926392,1163.855224609375,15.018292493195537,,0
BG_8222,2009-08-06 00:00:00,Assam,26.1961,91.7825,4.99500036239624,,,121.48150634765624,8.727442753885507,0.3478696346282959,0
BG_8237,2008-10-28 00:00:00,Arunachal Pradesh,27.0136,92.6351,0.3950000405311584,85.37500339746475,,227.06201171875,5.674161210559469,0.3707876205444336,0
BG_8684,2008-06-10 00:00:00,Assam,25.9611,91.3681,5.965000152587891,72.82000064849854,151.44999742507937,182.27566528320312,5.468814319448606,0.2915647029876709,0
BG_8900,2007-10-21 00:00:00,Manipur,25.0118,94.3136,0.1749999821186065,15.514998465776443,94.67499312758446,1396.9189453125,5.34766202597846,0.3878296017646789,0
BG_8901,2010-05-10 00:00:00,Nagaland,25.7902,94.1318,0.1899999976158142,11.009999215602877,,1287.954345703125,10.50878419435934,0.3266999125480652,0
BG_8930,2008-08-12 00:00:00,Nagaland,26.1699,94.4922,8.015000343322754,42.68499660491944,90.28999996185304,1170.26123046875,24.523499824822416,,0
BG_8996,2010-05-05 00:00:00,Assam,26.1768,91.7702,5.090000152587891,,,103.41690826416016,27.42554177065104,0.3251404464244842,0
BG_8995,2010-06-30 00:00:00,Assam,26.1963,91.8074,1.3249999284744265,,,174.58441162109375,9.031282163474472,0.3721882700920105,0
BG_9010,2008-05-15 00:00:00,Arunachal Pradesh,27.3034,93.804,0.2249999940395355,,,718.2056274414062,29.575088799484067,0.2854596972465515,0
BG_9124,2007-09-11 00:00:00,Meghalaya,25.203,90.5573,0.0,69.60500037670135,326.2600020170212,155.75831604003906,15.37083102995034,0.304541140794754,0
BG_9087,2010-06-26 00:00:00,Arunachal Pradesh,28.235,94.9612,9.819998741149902,47.55999851226807,,315.595458984375,35.9698822381822,0.3058177828788757,0
BG_9051,2009-08-27 00:00:00,Meghalaya,26.09748244,91.8744337,5.679999828338623,30.24499663710594,69.87999638915062,187.9982452392578,20.570919700468657,0.3357831835746765,0
BG_9122,2007-10-16 00:00:00,Assam,26.1966,91.802,40.29499435424805,58.54999303817749,105.95999383926392,106.73609924316406,13.744275943878716,0.3389433324337005,0
BG_9186,2009-08-24 00:00:00,Manipur,25.48,94.1383,4.179999828338623,31.040000438690186,81.71499490737915,1701.8209228515625,16.968531912423273,,0
BG_9219,2008-08-28 00:00:00,Nagaland,26.0101,94.5282,6.064999580383301,30.02499866485596,44.63499736785889,1709.053466796875,17.101604926755293,0.4099892079830169,0
BG_9252,2010-06-11 00:00:00,Arunachal Pradesh,27.5748,91.8644,1.96999990940094,13.799999475479126,31.30499890446663,2694.739013671875,12.407464929239795,0.2043126821517944,0
BG_9232,2007-09-28 00:00:00,Mizoram,23.5397,93.3783,5.354999542236328,51.98500061035156,,1574.5465087890625,14.23567084005989,0.3731752336025238,0
BG_9251,2010-07-06 00:00:00,Nagaland,25.8702,94.7844,2.9749999046325684,18.5749990940094,66.72500151395798,1134.852783203125,9.371832084865709,,0
BG_9464,2010-06-22 00:00:00,Arunachal Pradesh,27.5754,91.9754,4.585000514984131,,,2423.933349609375,26.203739985039928,0.2796286344528198,0
BG_9604,2007-09-05 00:00:00,Sikkim,27.2676,88.2891,38.6400032043457,58.45500183105469,,601.9652709960938,45.765578942957816,,0
BG_9619,2007-08-31 00:00:00,Sikkim,27.1695,88.3664,2.0899999141693115,94.98000121116638,109.8300010561943,1571.5709228515625,23.620191158849284,0.2837457358837127,0
BG_9620,2008-10-25 00:00:00,Sikkim,27.172,88.5292,1.434999942779541,2.409999907016754,,356.3497314453125,25.215718411958875,0.2583253979682922,0
