sample_id,event_date,state,latitude,longitude,rainfall_1d,rainfall_3d,rainfall_7d,target
78,2007-05-23 00:00:00,Sikkim,27.3383,88.6069,0.0,5.4649999141693115,22.55999881029129,1
126,2007-07-16 00:00:00,Sikkim,27.1499,88.38,45.55499267578125,103.56499099731445,196.07998752593994,1
130,2007-07-19 00:00:00,Assam,26.1699,91.7986,23.09999656677246,51.06499671936035,233.67501068115234,1
141,2007-07-26 00:00:00,Meghalaya,25.38,91.88,86.05997467041016,394.864990234375,426.40499091148376,1
142,2007-07-27 00:00:00,Meghalaya,25.5212,90.232,79.05500030517578,181.39500045776367,208.73499953746796,1
148,2007-07-30 00:00:00,Mizoram,22.479,92.967,3.5199999809265137,12.550000933930278,69.7449949067086,1
147,2007-07-30 00:00:00,Mizoram,22.533,92.899,2.804999828338623,34.610000133514404,103.28500604629517,1
211,2007-08-26 00:00:00,Manipur,24.9667,93.55,16.520000457763672,47.325000524520874,72.68999949097633,1
213,2007-08-26 00:00:00,Assam,25.2946,92.8339,19.30499839782715,95.0149974822998,128.90999794006348,1
212,2007-08-26 00:00:00,Meghalaya,25.5576,91.8506,17.51500129699707,37.68999981880188,122.62500557303429,1
215,2007-08-28 00:00:00,Nagaland,25.7428,93.9136,7.0199995040893555,56.659993171691895,70.05999255180359,1
220,2007-08-31 00:00:00,Manipur,25.1333,93.9667,2.515000343322754,67.30500316619873,153.53999376296997,1
247,2007-09-08 00:00:00,Manipur,25.0604,93.9877,35.2349967956543,95.8699951171875,160.669990837574,1
251,2007-09-09 00:00:00,Sikkim,27.1667,88.35,5.889999866485596,37.65499830245972,180.3599877357483,1
252,2007-09-09 00:00:00,Nagaland,25.4993,94.1192,5.614999294281006,26.309999465942383,123.85999870300293,1
255,2007-09-10 00:00:00,Manipur,24.2451,94.0691,9.40000057220459,22.830000162124634,157.09500193595886,1
256,2007-09-10 00:00:00,Sikkim,27.3425,88.6236,8.464999198913574,23.544997215270996,132.42499446868896,1
259,2007-09-11 00:00:00,Meghalaya,25.52,91.27,0.4650000035762787,71.74000796675682,519.5600019395351,1
258,2007-09-11 00:00:00,Manipur,24.4279,94.0564,3.2749996185302734,6.649999499320984,129.39498031139374,1
264,2007-09-13 00:00:00,Assam,26.1833,91.8,1.559999942779541,5.424999356269836,208.0549842119217,1
269,2007-09-18 00:00:00,Sikkim,27.2872,88.2816,27.045001983642578,29.935001730918884,96.67500817775726,1
285,2007-09-29 00:00:00,Mizoram,24.1293,92.6921,13.450000762939453,82.544997215271,93.33999741077423,1
313,2007-10-16 00:00:00,Nagaland,25.7055,94.0132,22.920001983642578,71.4749984741211,92.2949974834919,1
319,2007-10-19 00:00:00,Nagaland,25.4379,94.1162,1.9049997329711914,6.69499933719635,96.2600017786026,1
322,2007-10-21 00:00:00,Assam,24.75,93.4333,0.03500000014901161,4.765000019222498,91.83000007644296,1
545,2008-05-20 00:00:00,Assam,24.9849,92.8411,9.045000076293945,46.09500074386597,50.37000048160553,1
580,2008-06-09 00:00:00,Manipur,24.6596,93.9784,0.8799999952316284,46.41500127315521,54.87000085413456,1
585,2008-06-14 00:00:00,Arunachal Pradesh,27.0998,93.6287,73.52999114990234,254.6999969482422,407.9200077056885,1
587,2008-06-15 00:00:00,Assam,27.2298,94.0989,3.0900001525878906,188.4599952697754,249.85999941825867,1
594,2008-06-19 00:00:00,Manipur,24.9336,93.8275,3.3499999046325684,19.069998741149902,83.6749997138977,1
692,2008-08-07 00:00:00,Nagaland,25.705,94.04,8.919999122619629,22.429998874664307,74.97999715805054,1
714,2008-08-14 00:00:00,Assam,27.163,94.0,17.559999465942383,81.8999981880188,190.39499497413635,1
731,2008-08-19 00:00:00,Nagaland,26.138,94.25,3.8650002479553223,71.0149941444397,121.90499353408813,1
755,2008-08-28 00:00:00,Sikkim,27.337,88.609,14.920000076293945,45.10000038146973,102.51999568939209,1
760,2008-08-29 00:00:00,Nagaland,25.67,94.1066,9.829998970031738,15.429998874664307,36.48499846458435,1
868,2008-10-29 00:00:00,Assam,26.3333,91.25,0.0,45.2549934387207,83.28499460220337,1
870,2008-10-29 00:00:00,Arunachal Pradesh,27.4,92.35,0.6749999523162842,80.8549947142601,121.6399946808815,1
869,2008-10-29 00:00:00,Assam,27.2333,94.1167,0.0,20.255001907236874,63.035001401789486,1
1084,2009-08-12 00:00:00,Arunachal Pradesh,27.7,92.8,122.2800064086914,140.67500638961792,159.9150047302246,1
1108,2009-08-20 00:00:00,Assam,24.9925,93.5,1.630000114440918,9.619999647140503,77.2799985408783,1
1112,2009-08-20 00:00:00,Sikkim,27.1761,88.5287,25.66500473022461,199.69000244140625,322.2799916267395,1
1109,2009-08-20 00:00:00,Assam,25.5215,93.1645,14.96999740600586,35.44999694824219,66.52999591827393,1
1125,2009-08-26 00:00:00,Sikkim,27.3746,88.7648,5.550000190734863,52.479997634887695,134.40499114990234,1
1127,2009-08-27 00:00:00,Assam,25.1718,93.123,3.4649996757507324,19.94499921798706,49.27999711036682,1
1129,2009-08-30 00:00:00,Manipur,24.8628,94.4182,2.509999990463257,51.29999814927578,76.85499809682369,1
1168,2009-09-17 00:00:00,Sikkim,27.1954,88.6115,23.149995803833008,31.184995651245117,44.69499588012695,1
1222,2009-10-05 00:00:00,Mizoram,23.73478778,92.72124394,17.784996032714844,69.6349983215332,75.04999828338623,1
1596,2010-03-27 20:00:00,Manipur,24.7339,93.9161,1.5900001525878906,1.5900001525878906,2.325000121258199,1
1611,2010-04-01 00:00:00,Assam,25.1553,93.028,7.579998970031738,174.22000980377197,316.20001006126404,1
1613,2010-04-02 23:00:00,Arunachal Pradesh,27.8997,93.3497,3.2199997901916504,11.419999718666077,45.099998116493225,1
1756,2010-04-17 00:00:00,Sikkim,27.322,88.6087,9.739999771118164,15.31999945640564,31.034997701644897,1
1755,2010-04-17 15:00:00,Sikkim,27.3341,88.6083,9.739999771118164,15.31999945640564,31.034997701644897,1
1770,2010-04-20 00:00:00,Assam,26.1965,91.763,126.22000122070312,213.72001266479492,382.01000595092773,1
1771,2010-04-20 00:00:00,Assam,26.1978,91.7665,126.22000122070312,213.72001266479492,382.01000595092773,1
1776,2010-04-21 00:00:00,Meghalaya,25.3612,92.2845,47.614994049072266,212.22998428344727,303.2899763584137,1
1775,2010-04-21 00:00:00,Arunachal Pradesh,27.8965,96.1779,77.68499755859375,162.25498962402344,189.37498776614666,1
1857,2010-05-11 09:00:00,Meghalaya,25.3433,92.2897,27.585002899169922,27.660002894699574,89.35500449687243,1
1930,2010-05-31 00:00:00,Arunachal Pradesh,28.4298,95.8776,22.274999618530273,33.3100004196167,68.9850027859211,1
1929,2010-05-31 23:00:00,Sikkim,27.3543,88.6428,1.3949999809265137,7.124999523162842,37.139998614788055,1
1935,2010-06-03 00:00:00,Tripura,23.8986,91.7599,55.160003662109375,92.04000186920166,188.285005569458,1
1934,2010-06-03 05:00:00,Assam,24.6005,92.3814,36.665000915527344,189.33498764038086,242.25998210906982,1
1954,2010-06-07 00:00:00,Manipur,24.7543,93.5039,54.02999496459961,146.55499839782715,279.47499656677246,1
1961,2010-06-09 14:15:00,Meghalaya,25.8833,91.2,24.670001983642578,79.6299991607666,289.5350036621094,1
1987,2010-06-15 00:00:00,Assam,25.2269,93.1658,8.834999084472656,41.874996185302734,87.56499540805817,1
1986,2010-06-15 00:00:00,Nagaland,26.3335,94.5512,30.499998092651367,60.84000015258789,116.14500173926353,1
1994,2010-06-16 00:00:00,Assam,25.0633,92.8025,28.32000160217285,69.7599983215332,119.00499749183655,1
1996,2010-06-17 19:30:00,Nagaland,26.4333,94.8833,26.880002975463867,95.82000732421875,154.60500240325928,1
2026,2010-06-28 00:00:00,Meghalaya,25.4916,91.2698,127.78498840332031,271.95498275756836,355.67498552799225,1
2025,2010-06-28 00:00:00,Meghalaya,25.5728,91.885,60.7449951171875,280.1599884033203,361.4199855029583,1
2045,2010-07-06 00:00:00,Nagaland,26.2363,94.8133,3.989999771118164,35.389997482299805,83.83999729156494,1
2043,2010-07-06 00:00:00,Nagaland,26.7225,95.0281,1.4900000095367432,33.259997606277466,103.13499140739441,1
2042,2010-07-06 00:00:00,Nagaland,26.0093,94.5238,1.5800001621246338,34.50999855995178,107.50499606132507,1
2044,2010-07-06 00:00:00,Nagaland,25.8877,94.7861,2.9749999046325684,18.5749990940094,66.72500151395798,1
2098,2010-07-19 06:00:00,Nagaland,26.7215,95.0283,,,,1
2106,2010-07-20 00:00:00,Nagaland,26.8716,94.9921,,,,1
2113,2010-07-21 08:00:00,Sikkim,27.3773,88.559,,,,1
2140,2010-07-25 00:00:00,Assam,25.0477,92.801,,,,1
2163,2010-07-29 00:00:00,Nagaland,25.4196,94.1054,,,,1
2166,2010-07-29 00:00:00,Assam,24.9786,93.5027,,,,1
2164,2010-07-29 23:00:00,Manipur,25.3098633,94.48214677,,,,1
2182,2010-07-31 09:00:00,Manipur,24.9356,93.8443,,,,1
2205,2010-08-06 00:00:00,Mizoram,23.7365,92.7146,,,,1
2243,2010-08-13 00:00:00,Nagaland,25.70223725,94.04619681,,,,1
2247,2010-08-14 00:00:00,Nagaland,26.148,94.8422,,,,1
2248,2010-08-14 00:00:00,Nagaland,26.222,94.9152,,,,1
2249,2010-08-14 00:00:00,Nagaland,26.0814,94.803,,,,1
2253,2010-08-15 23:00:00,Manipur,25.31006064,94.48265093,,,,1
2263,2010-08-17 00:00:00,Nagaland,26.2753,94.6654,,,,1
2283,2010-08-19 00:00:00,Manipur,24.8961,93.4957,,,,1
2282,2010-08-19 06:30:00,Nagaland,26.1984,94.8158,,,,1
2281,2010-08-19 18:00:00,Nagaland,25.61560252,94.11603493,,,,1
2296,2010-08-20 00:00:00,Sikkim,27.167,88.3652,,,,1
2304,2010-08-21 18:00:00,Nagaland,25.5718,94.1211,,,,1
2344,2010-08-27 16:30:00,Assam,24.7505,93.4221,,,,1
2343,2010-08-27 16:30:00,Nagaland,25.4786,94.1327,,,,1
2345,2010-08-27 18:00:00,Sikkim,27.3392,88.6188,,,,1
2392,2010-09-04 00:00:00,Sikkim,27.3702,88.7334,,,,1
2405,2010-09-09 23:00:00,Arunachal Pradesh,28.3036,95.4112,,,,1
2411,2010-09-10 00:00:00,Arunachal Pradesh,27.0011,93.7273,,,,1
2415,2010-09-12 00:00:00,Nagaland,25.63961883,94.11112157,,,,1
2420,2010-09-13 00:00:00,Mizoram,23.72988966,92.71495623,,,,1
2425,2010-09-13 00:00:00,Mizoram,23.3439,93.0748,,,,1
2423,2010-09-13 00:00:00,Mizoram,23.73504471,92.71060943,,,,1
2424,2010-09-13 00:00:00,Mizoram,23.591,92.9296,,,,1
2426,2010-09-13 00:00:00,Mizoram,22.7176,92.8416,,,,1
2422,2010-09-13 00:00:00,Mizoram,23.74182634,92.7141905,,,,1
2421,2010-09-13 09:00:00,Mizoram,23.75406693,92.74128531,,,,1
2437,2010-09-16 00:00:00,Mizoram,23.7527,92.694,,,,1
2436,2010-09-16 03:00:00,Mizoram,24.3069,93.125,,,,1
2539,2010-10-03 00:00:00,Arunachal Pradesh,28.3092,95.4149,,,,1
2569,2010-10-08 00:00:00,Nagaland,25.2745,94.0212,,,,1
2570,2010-10-08 00:00:00,Manipur,24.837,93.9128,,,,1
2566,2010-10-08 00:00:00,Nagaland,25.4769,94.1351,,,,1
2567,2010-10-08 00:00:00,Manipur,25.6633,94.4703,,,,1
2568,2010-10-08 00:00:00,Assam,24.7679,93.4108,,,,1
2576,2010-10-09 00:00:00,Nagaland,25.4788,94.1399,,,,1
2575,2010-10-09 00:00:00,Assam,25.5242,92.9914,,,,1
2579,2010-10-09 00:00:00,Nagaland,25.682,94.1076,,,,1
2578,2010-10-09 00:00:00,Nagaland,25.3179,94.0462,,,,1
2577,2010-10-09 00:00:00,Nagaland,25.5265,93.8673,,,,1
2573,2010-10-09 00:00:00,Assam,25.1796,93.0083,,,,1
2574,2010-10-09 00:00:00,Assam,25.4749,93.1477,,,,1
2587,2010-10-10 06:00:00,Nagaland,25.6623,94.1072,,,,1
2743,2010-11-22 00:00:00,Arunachal Pradesh,27.5798729,91.85672387,,,,1
3269,2011-03-22 00:00:00,Arunachal Pradesh,28.0791,96.5242,,,,1
3525,2011-05-22 00:00:00,Assam,25.0672,93.4093,,,,1
3532,2011-05-24 00:00:00,Assam,25.0888,92.8551,,,,1
3556,2011-05-31 14:00:00,Manipur,25.1555,93.8474,,,,1
3560,2011-05-31 14:30:00,Manipur,24.8286,93.5935,,,,1
3633,2011-06-20 00:00:00,Nagaland,26.3186,94.5121,,,,1
3637,2011-06-21 00:00:00,Nagaland,25.51614662,94.2341227,,,,1
3663,2011-06-28 00:00:00,Nagaland,25.6682,94.1099,,,,1
3662,2011-06-28 00:00:00,Manipur,25.03561729,94.0144205,,,,1
3672,2011-06-29 00:00:00,Assam,25.5125,93.3613,,,,1
3683,2011-07-01 00:00:00,Nagaland,25.8782,94.1739,,,,1
3738,2011-07-06 00:00:00,Manipur,24.8063,93.9482,,,,1
3741,2011-07-07 00:00:00,Nagaland,25.4191,94.1079,,,,1
3760,2011-07-11 09:00:00,Nagaland,25.6703,94.1095,,,,1
3776,2011-07-15 18:00:00,Arunachal Pradesh,27.125,93.7145,,,,1
3789,2011-07-16 00:00:00,Arunachal Pradesh,27.2743,92.9064,,,,1
3794,2011-07-17 00:00:00,Sikkim,26.99195749,88.42280921,,,,1
3805,2011-07-19 00:00:00,Sikkim,27.05374234,88.42572376,,,,1
3806,2011-07-19 00:00:00,Arunachal Pradesh,27.1032,93.6884,,,,1
3830,2011-07-22 00:00:00,Manipur,24.3527,94.3429,,,,1
3831,2011-07-22 00:00:00,Manipur,24.7992,93.948,,,,1
3837,2011-07-24 12:30:00,Assam,26.5836,93.0038,,,,1
3840,2011-07-25 00:00:00,Manipur,24.6869,93.9157,,,,1
3860,2011-07-29 00:00:00,Nagaland,25.4192,94.108,,,,1
3881,2011-08-05 00:00:00,Arunachal Pradesh,27.1034,93.6885,,,,1
3912,2011-08-12 00:00:00,Arunachal Pradesh,27.44,92.2833,,,,1
3916,2011-08-13 08:00:00,Assam,25.7713,93.8067,,,,1
3925,2011-08-15 00:00:00,Arunachal Pradesh,27.4888,93.0153,,,,1
3927,2011-08-16 08:00:00,Meghalaya,25.5144,90.2167,,,,1
3932,2011-08-18 00:00:00,Nagaland,25.83,94.13,,,,1
3965,2011-09-06 08:00:00,Assam,24.808,93.117,,,,1
3983,2011-09-23 00:00:00,Assam,26.1548,91.7351,,,,1
4241,2012-03-04 00:00:00,Manipur,25.1604,93.6795,,,,1
4313,2012-04-08 00:00:00,Arunachal Pradesh,28.4659,95.86,,,,1
4378,2012-06-02 00:00:00,Arunachal Pradesh,28.8254,96.1517,,,,1
4377,2012-06-02 00:00:00,Assam,26.1475,91.7356,,,,1
4382,2012-06-03 00:00:00,Assam,25.1175,92.8573,,,,1
4383,2012-06-03 00:00:00,Assam,25.3056,93.1265,,,,1
4384,2012-06-03 00:00:00,Assam,25.1775,93.0123,,,,1
4394,2012-06-07 04:30:00,Sikkim,27.1748,88.6458,,,,1
4403,2012-06-10 00:00:00,Manipur,24.8142,93.5444,,,,1
4407,2012-06-13 00:00:00,Assam,25.0951,92.3567,,,,1
4408,2012-06-13 00:00:00,Meghalaya,25.5498,92.0757,,,,1
4411,2012-06-14 04:00:00,Sikkim,27.339,88.6065,,,,1
4424,2012-06-20 00:00:00,Assam,26.149,91.7351,,,,1
4426,2012-06-22 00:00:00,Assam,26.1226,91.7162,,,,1
4435,2012-06-25 00:00:00,Arunachal Pradesh,27.174,95.8011,,,,1
4436,2012-06-25 00:00:00,Arunachal Pradesh,26.9986,95.4993,,,,1
4434,2012-06-25 18:00:00,Assam,26.1049,91.7369,,,,1
4446,2012-07-05 00:00:00,Arunachal Pradesh,28.9986,94.8885,,,,1
4552,2012-09-14 00:00:00,Sikkim,27.0377,88.3603,,,,1
4556,2012-09-16 00:00:00,Sikkim,27.1675,88.3651,,,,1
4570,2012-09-19 00:00:00,Arunachal Pradesh,27.8458,95.2253,,,,1
4610,2012-11-11 00:00:00,Mizoram,23.7705,92.5217,,,,1
4757,2013-02-18 00:00:00,Arunachal Pradesh,28.1193,95.1645,,,,1
4798,2013-04-07 00:00:00,Arunachal Pradesh,28.8254,96.1509,,,,1
4845,2013-05-07 00:00:00,Mizoram,24.2315,92.6755,,,,1
4848,2013-05-08 00:00:00,Tripura,24.0896,91.4663,,,,1
4860,2013-05-11 00:00:00,Assam,26.1016,91.6906,,,,1
4859,2013-05-11 00:00:00,Assam,26.1771,91.7599,,,,1
4858,2013-05-11 09:00:00,Assam,26.1662,91.7138,,,,1
4857,2013-05-11 09:00:00,Mizoram,23.7281,92.7175,,,,1
4861,2013-05-12 00:00:00,Assam,24.9926,93.4946,,,,1
4892,2013-06-01 00:00:00,Arunachal Pradesh,27.8776,94.25,,,,1
4906,2013-06-07 00:00:00,Nagaland,26.0977,94.7499,,,,1
4905,2013-06-07 00:00:00,Nagaland,26.0977,94.7031,,,,1
4908,2013-06-08 17:00:00,Sikkim,27.3721,88.708,,,,1
4990,2013-06-27 23:00:00,Sikkim,27.3765,88.7628,,,,1
5005,2013-07-01 00:00:00,Nagaland,26.72,95.029,,,,1
5006,2013-07-01 00:00:00,Nagaland,26.1147,94.3864,,,,1
5087,2013-07-12 00:00:00,Nagaland,25.6269,94.1139,18.66999626159668,,,1
5084,2013-07-12 23:00:00,Nagaland,25.616,94.1167,18.66999626159668,,,1
5107,2013-07-15 00:00:00,Nagaland,25.6269,94.1139,,,,1
5123,2013-07-17 00:00:00,Nagaland,25.7131,94.0885,,,,1
5122,2013-07-17 00:00:00,Nagaland,25.7658,93.9413,,,,1
5250,2013-08-01 00:00:00,Arunachal Pradesh,27.8837,93.0515,,,,1
5269,2013-08-04 00:00:00,Nagaland,25.8376,94.5234,,,,1
5275,2013-08-04 00:00:00,Nagaland,26.1498,94.6055,,,,1
5272,2013-08-04 00:00:00,Nagaland,26.2083,94.5438,,,,1
5271,2013-08-04 00:00:00,Nagaland,26.284,94.5808,,,,1
5268,2013-08-04 00:00:00,Nagaland,26.0137,94.5163,,,,1
5270,2013-08-04 00:00:00,Nagaland,26.0481,94.4619,,,,1
5274,2013-08-04 00:00:00,Nagaland,26.0838,94.564,,,,1
5273,2013-08-04 00:00:00,Nagaland,26.1807,94.5497,,,,1
5300,2013-08-09 00:00:00,Nagaland,25.318,94.0441,,,,1
5312,2013-08-11 23:00:00,Assam,26.7103,94.693,,,,1
5427,2013-08-15 00:00:00,Nagaland,25.3833,94.1884,,,,1
5337,2013-08-16 00:00:00,Nagaland,26.4205,94.9731,,,,1
5338,2013-08-16 00:00:00,Assam,26.8727,94.9275,,,,1
5336,2013-08-16 00:00:00,Nagaland,26.3897,94.9439,,,,1
5343,2013-08-17 23:00:00,Assam,24.7625,93.4341,,,,1
5421,2013-08-30 00:00:00,Nagaland,26.4205,94.9731,,,,1
5430,2013-09-01 00:00:00,Manipur,24.9037,93.487,,,,1
5431,2013-09-01 00:00:00,Assam,24.9829,93.5063,,,,1
5429,2013-09-01 18:00:00,Sikkim,27.3425,88.2426,,,,1
5442,2013-09-02 00:00:00,Arunachal Pradesh,27.1614,93.7525,,,,1
5441,2013-09-02 00:00:00,Arunachal Pradesh,28.611,94.9829,,,,1
5476,2013-09-07 15:00:00,Sikkim,27.3736,88.7323,,,,1
5552,2013-09-24 00:00:00,Manipur,25.0985,94.3619,,,,1
5575,2013-10-05 23:00:00,Nagaland,25.8266,94.1497,,,,1
5584,2013-10-06 00:00:00,Assam,26.1665,91.7049,,,,1
5582,2013-10-06 12:45:00,Assam,26.1309,91.8383,,,,1
5603,2013-10-13 19:30:00,Manipur,25.426,94.6024,,,,1
6015,2014-05-08 00:00:00,Arunachal Pradesh,27.9032,96.174,,,,1
6016,2014-05-09 23:00:00,Assam,24.8669,92.3576,,,,1
6105,2014-06-26 23:00:00,Arunachal Pradesh,28.9205,95.3429,,,,1
6106,2014-06-26 23:00:00,Assam,26.1407,91.7645,,,,1
6107,2014-06-26 23:00:00,Assam,26.1844,91.7896,,,,1
6110,2014-06-27 00:00:00,Assam,26.1619,91.7697,,,,1
6112,2014-06-28 09:00:00,Assam,26.1964,91.7652,,,,1
6143,2014-07-14 18:00:00,Mizoram,23.7327,92.7463,,,,1
6513,2014-08-14 23:00:00,Tripura,23.0137,91.7174,,,,1
6200,2014-08-17 00:00:00,Arunachal Pradesh,27.0869,93.6086,,,,1
6331,2014-09-08 00:00:00,Nagaland,25.9466,94.6279,,,,1
6291,2014-09-21 00:00:00,Meghalaya,25.7354,90.3852,,,,1
6286,2014-09-22 00:00:00,Assam,26.1044,91.7082,,,,1
6282,2014-09-22 00:00:00,Assam,26.1097,91.7747,,,,1
6287,2014-09-22 00:00:00,Assam,26.1295,91.7056,,,,1
6289,2014-09-22 00:00:00,Assam,26.1001,91.6849,,,,1
6283,2014-09-22 00:00:00,Assam,26.1314,91.7548,,,,1
6285,2014-09-22 00:00:00,Assam,26.159,91.8178,,,,1
6288,2014-09-22 00:00:00,Assam,26.1985,91.7998,,,,1
6284,2014-09-22 00:00:00,Assam,26.1324,91.8342,,,,1
6292,2014-09-23 00:00:00,Assam,25.7238,89.9032,,,,1
6290,2014-09-23 03:00:00,Meghalaya,25.5772,91.8666,,,,1
6213,2014-09-24 00:00:00,Meghalaya,25.8143,90.5763,,,,1
6222,2014-10-01 11:00:00,Arunachal Pradesh,27.1249,93.7706,,,,1
6214,2014-10-05 17:45:00,Meghalaya,25.9702,91.8587,,,,1
6293,2014-10-20 00:00:00,Meghalaya,25.5006,90.0896,,,,1
6775,2015-02-14 00:00:00,Assam,26.1468,91.6469,,,,1
6786,2015-02-19 23:00:00,Assam,24.6108,92.562,,,,1
7591,2015-03-19 00:00:00,Assam,25.0318,92.4584,,,,1
7031,2015-05-24 00:00:00,Sikkim,27.6163,88.6586,,,,1
6971,2015-06-09 00:00:00,Arunachal Pradesh,27.0987,93.816,,,,1
6968,2015-06-13 00:00:00,Meghalaya,25.463,92.2121,,,,1
6970,2015-06-16 00:00:00,Meghalaya,25.5084,90.2191,,,,1
6969,2015-06-16 06:15:00,Meghalaya,25.5114,90.215,,,,1
6945,2015-06-19 00:00:00,Manipur,25.16,93.686,,,,1
6963,2015-06-19 00:00:00,Mizoram,23.7131,92.7362,,,,1
6990,2015-06-24 00:00:00,Nagaland,26.0319,94.5466,,,,1
7138,2015-07-07 00:00:00,Sikkim,27.0816,88.4397,,,,1
7214,2015-07-15 08:00:00,Arunachal Pradesh,27.36,93.0385,,,,1
7265,2015-07-22 00:00:00,Manipur,25.5007,93.9854,,,,1
7253,2015-07-22 00:00:00,Assam,24.7979,92.9974,,,,1
7267,2015-07-22 00:00:00,Manipur,25.3908,94.0926,,,,1
7264,2015-07-22 00:00:00,Manipur,25.4538,93.9827,,,,1
7263,2015-07-22 00:00:00,Manipur,25.4477,94.0489,,,,1
7266,2015-07-22 00:00:00,Manipur,25.5098,93.8794,,,,1
7279,2015-07-24 00:00:00,Manipur,24.9818,93.5142,,,,1
7276,2015-07-25 09:00:00,Assam,26.1062,91.8717,,,,1
7364,2015-07-31 09:00:00,Manipur,24.819,94.3551,,,,1
7372,2015-07-31 23:00:00,Manipur,25.0634,94.3415,,,,1
7389,2015-08-01 00:00:00,Manipur,24.4072,94.0644,,,,1
7371,2015-08-01 00:00:00,Manipur,23.9939,94.0573,,,,1
7374,2015-08-01 00:00:00,Manipur,25.1122,94.3591,,,,1
7385,2015-08-01 00:00:00,Manipur,24.004,93.9815,,,,1
7369,2015-08-01 00:00:00,Manipur,24.1988,94.1016,,,,1
7373,2015-08-01 00:00:00,Manipur,24.9111,94.4759,,,,1
7390,2015-08-01 00:00:00,Manipur,24.4265,94.1913,,,,1
7384,2015-08-01 00:00:00,Manipur,23.9278,94.0906,,,,1
7375,2015-08-01 00:00:00,Manipur,25.1941,94.4481,,,,1
7370,2015-08-01 00:00:00,Manipur,24.1419,94.1078,,,,1
7910,2015-08-01 00:00:00,Manipur,24.3481,94.1146,,,,1
7383,2015-08-01 00:00:00,Manipur,23.899,94.1434,,,,1
7388,2015-08-01 00:00:00,Manipur,24.416,94.0984,,,,1
7387,2015-08-01 00:00:00,Manipur,24.954,94.2156,,,,1
7409,2015-08-02 00:00:00,Nagaland,25.72,94.6219,,,,1
7664,2015-08-11 00:00:00,Manipur,24.7459,93.4251,,,,1
7666,2015-08-11 00:00:00,Manipur,25.1019,93.3729,,,,1
7665,2015-08-11 00:00:00,Manipur,24.7016,93.5291,,,,1
7660,2015-08-12 00:00:00,Nagaland,25.6237,94.1136,,,,1
7887,2015-08-16 00:00:00,Arunachal Pradesh,27.8835,96.9262,,,,1
7334,2015-08-18 00:00:00,Arunachal Pradesh,28.1737,94.7596,,,,1
7335,2015-08-18 09:00:00,Meghalaya,25.5145,90.2023,,,,1
7699,2015-08-19 00:00:00,Nagaland,26.0214,94.5224,,,,1
7706,2015-08-19 00:00:00,Meghalaya,25.0728,92.3636,,,,1
7590,2015-08-19 00:00:00,Meghalaya,25.1416,92.3807,,,,1
7589,2015-08-19 00:00:00,Meghalaya,25.2568,92.3825,,,,1
7336,2015-08-19 09:00:00,Meghalaya,25.2193,90.5549,,,,1
7701,2015-08-19 15:00:00,Nagaland,25.6278,94.1051,,,,1
7727,2015-08-20 18:00:00,Nagaland,25.6263,94.1057,,,,1
7728,2015-08-22 09:00:00,Assam,26.1028,91.8806,,,,1
7780,2015-08-26 00:00:00,Mizoram,23.3572,92.7878,,,,1
7778,2015-08-26 00:00:00,Mizoram,23.8447,93.0514,,,,1
7836,2015-08-27 00:00:00,Mizoram,24.042,92.6724,,,,1
7837,2015-08-27 00:00:00,Mizoram,23.7269,92.7265,,,,1
7972,2015-08-28 01:45:00,Mizoram,23.4495,92.8112,,,,1
7933,2015-09-01 00:00:00,Assam,26.1868,91.6739,,,,1
7923,2015-09-01 00:00:00,Assam,26.49349035,91.72137514,,,,1
7956,2015-09-05 00:00:00,Meghalaya,26.048,91.8695,,,,1
8012,2015-09-06 15:00:00,Meghalaya,25.9703,91.8584,,,,1
8224,2015-09-14 01:30:00,Mizoram,23.7313,92.7187,,,,1
8223,2015-09-14 03:10:00,Mizoram,23.7348,92.7187,,,,1
8339,2015-09-23 00:00:00,Assam,26.1666,91.7042,,,,1
8366,2015-09-23 15:00:00,Meghalaya,25.583,91.893,,,,1
9405,2016-04-19 00:00:00,Nagaland,26.7223,95.0243,,,,1
7655,2016-04-22 02:30:00,Arunachal Pradesh,27.5799,91.8569,,,,1
9404,2016-05-01 00:00:00,Arunachal Pradesh,28.0822,96.5316,,,,1
9338,2016-05-18 08:00:00,Assam,24.4638,92.4943,,,,1
9335,2016-05-18 08:00:00,Assam,24.5202,92.7239,,,,1
9336,2016-05-18 08:00:00,Assam,24.5308,92.5121,,,,1
9334,2016-05-18 08:00:00,Assam,24.5204,92.7264,,,,1
9169,2016-06-12 00:00:00,Nagaland,26.1677,94.2442,,,,1
9168,2016-06-12 23:00:00,Arunachal Pradesh,27.6438,93.871,,,,1
9142,2016-06-14 08:00:00,Nagaland,26.3185,94.5247,,,,1
8222,2016-06-22 12:00:00,Assam,26.1961,91.7825,,,,1
8237,2016-07-01 00:00:00,Arunachal Pradesh,27.0136,92.6351,,,,1
8684,2016-07-07 00:00:00,Assam,25.9611,91.3681,,,,1
8900,2016-07-07 00:00:00,Manipur,25.0118,94.3136,,,,1
8901,2016-07-10 00:00:00,Nagaland,25.7902,94.1318,,,,1
8930,2016-07-11 23:00:00,Nagaland,26.1699,94.4922,,,,1
8996,2016-07-14 00:00:00,Assam,26.1768,91.7702,,,,1
8995,2016-07-14 00:00:00,Assam,26.1963,91.8074,,,,1
9010,2016-07-16 00:00:00,Arunachal Pradesh,27.3034,93.804,,,,1
9124,2016-07-19 00:00:00,Meghalaya,25.203,90.5573,,,,1
9087,2016-07-19 00:00:00,Arunachal Pradesh,28.235,94.9612,,,,1
9051,2016-07-19 09:00:00,Meghalaya,26.09748244,91.8744337,,,,1
9122,2016-07-20 00:00:00,Assam,26.1966,91.802,,,,1
9186,2016-07-25 12:30:00,Manipur,25.48,94.1383,,,,1
9219,2016-07-26 23:00:00,Nagaland,26.0101,94.5282,,,,1
9252,2016-07-28 00:00:00,Arunachal Pradesh,27.5748,91.8644,,,,1
9232,2016-07-28 23:00:00,Mizoram,23.5397,93.3783,,,,1
9251,2016-07-28 23:00:00,Nagaland,25.8702,94.7844,,,,1
9464,2016-08-05 00:00:00,Arunachal Pradesh,27.5754,91.9754,,,,1
9604,2016-10-12 00:00:00,Sikkim,27.2676,88.2891,,,,1
9619,2016-10-15 00:00:00,Sikkim,27.1695,88.3664,,,,1
9620,2016-10-15 00:00:00,Sikkim,27.172,88.5292,,,,1
BG_78,2007-07-25 00:00:00,Sikkim,27.3383,88.6069,9.944999694824219,23.94999933242798,57.869996547698975,0
BG_126,2010-04-14 00:00:00,Sikkim,27.1499,88.38,0.004999999888241291,11.799999847076833,,0
BG_130,2009-09-12 00:00:00,Assam,26.1699,91.7986,0.0,,,0
BG_141,2008-08-08 00:00:00,Meghalaya,25.38,91.88,0.10500000417232513,25.864999279379845,105.21000383794308,0
BG_142,2008-08-06 00:00:00,Meghalaya,25.5212,90.232,6.109999656677246,13.349998950958252,,0
BG_148,2010-05-30 00:00:00,Mizoram,22.479,92.967,20.354999542236328,31.53499984741211,,0
BG_147,2007-07-23 00:00:00,Mizoram,22.533,92.899,4.174999713897705,41.065004140138626,236.94000032544136,0
BG_211,2009-10-03 00:00:00,Manipur,24.9667,93.55,10.014999389648438,11.464999333024025,,0
BG_213,2007-09-11 00:00:00,Assam,25.2946,92.8339,0.11499999463558197,88.4450094550848,258.17000411450863,0
BG_212,2007-07-25 00:00:00,Meghalaya,25.5576,91.8506,237.40499877929688,379.20499992370605,468.50001335144043,0
BG_215,2008-10-24 00:00:00,Nagaland,25.7428,93.9136,3.8400001525878906,,,0
BG_220,2010-07-03 00:00:00,Manipur,25.1333,93.9667,8.680000305175781,69.2550048828125,,0
BG_247,2010-03-28 00:00:00,Manipur,25.0604,93.9877,19.794998168945312,26.564997851848602,26.564997851848602,0
BG_251,2010-04-11 00:00:00,Sikkim,27.1667,88.35,3.0349998474121094,,,0
BG_252,2010-03-23 00:00:00,Nagaland,25.4993,94.1192,0.0,0.0,,0
BG_255,2010-04-17 00:00:00,Manipur,24.2451,94.0691,14.410001754760742,20.80500102043152,22.81000102031976,0
BG_256,2008-08-28 00:00:00,Sikkim,27.3425,88.6236,14.920000076293945,45.10000038146973,102.51999568939209,0
BG_259,2007-08-23 00:00:00,Meghalaya,25.52,91.27,7.829999923706055,18.844999466091394,,0
BG_258,2010-05-26 00:00:00,Manipur,24.4279,94.0564,17.229999542236328,,,0
BG_264,2008-08-10 00:00:00,Assam,26.1833,91.8,24.700000762939453,80.6250010728836,102.01500201225281,0
BG_269,2008-08-25 00:00:00,Sikkim,27.2872,88.2816,27.420001983642578,62.890000343322754,,0
BG_285,2008-06-10 00:00:00,Mizoram,24.1293,92.6921,6.835000038146973,30.025001287460327,57.010000228881836,0
BG_313,2007-09-06 00:00:00,Nagaland,25.7055,94.0132,22.095001220703125,51.46500205993652,,0
BG_319,2010-06-16 00:00:00,Nagaland,25.4379,94.1162,14.254999160766602,36.60499954223633,69.13500344753265,0
BG_322,2010-04-16 00:00:00,Assam,24.75,93.4333,3.7699999809265137,17.649999141693115,,0
BG_545,2009-08-29 00:00:00,Assam,24.9849,92.8411,10.09999942779541,13.474998950958252,86.00998950004578,0
BG_580,2008-06-18 00:00:00,Manipur,24.6596,93.9784,5.135000228881836,23.70500087738037,56.53499698638916,0
BG_585,2010-05-09 00:00:00,Arunachal Pradesh,27.0998,93.6287,6.164999961853027,22.709998965263367,,0
BG_587,2008-10-28 00:00:00,Assam,27.2298,94.0989,0.004999999888241291,59.539996032603085,,0
BG_594,2008-08-09 00:00:00,Manipur,24.9336,93.8275,43.79500198364258,51.20000195503235,84.30500197410583,0
BG_692,2008-08-11 00:00:00,Nagaland,25.705,94.04,50.4950065612793,64.14000463485718,87.44000351428986,0
BG_714,2007-09-16 00:00:00,Assam,27.163,94.0,0.2449999898672104,50.52999792993069,104.42499862611294,0
BG_731,2007-07-25 00:00:00,Nagaland,26.138,94.25,38.910003662109375,57.77500510215759,120.20500385761261,0
BG_755,2009-08-07 00:00:00,Sikkim,27.337,88.609,1.7999999523162842,,,0
BG_760,2010-06-06 00:00:00,Nagaland,25.67,94.1066,46.55000305175781,69.95500087738037,84.5350011587143,0
BG_868,2007-07-18 00:00:00,Assam,26.3333,91.25,19.43000030517578,31.115000247955322,132.35999155044556,0
BG_870,2010-05-30 00:00:00,Arunachal Pradesh,27.4,92.35,2.5199999809265137,4.865000009536743,,0
BG_869,2010-05-10 00:00:00,Assam,27.2333,94.1167,5.644999027252197,42.10999345779419,,0
BG_1084,2007-10-12 00:00:00,Arunachal Pradesh,27.7,92.8,1.6749998331069946,17.085001587867737,,0
BG_1108,2009-08-26 00:00:00,Assam,24.9925,93.5,1.6749998331069946,4.019999980926514,60.23499917984009,0
BG_1112,2007-08-31 00:00:00,Sikkim,27.1761,88.5287,15.809999465942383,77.38499641418457,98.33999645709991,0
BG_1109,2010-04-02 00:00:00,Assam,25.5215,93.1645,0.0,9.214999675750732,162.67998415231705,0
BG_1125,2009-10-04 00:00:00,Sikkim,27.3746,88.7648,5.619999408721924,17.004998683929443,,0
BG_1127,2008-06-05 00:00:00,Assam,25.1718,93.123,7.399999618530273,13.094999194145203,,0
BG_1129,2007-07-19 00:00:00,Manipur,24.8628,94.4182,4.174999713897705,7.54999965429306,48.75000184774399,0
BG_1168,2010-07-01 00:00:00,Sikkim,27.1954,88.6115,35.81999969482422,,,0
BG_1222,2008-08-08 00:00:00,Mizoram,23.73478778,92.72124394,1.6749999523162842,16.269999742507935,113.17500138282776,0
BG_1596,2010-06-08 00:00:00,Manipur,24.7339,93.9161,39.46500015258789,141.43499374389648,224.4399871826172,0
BG_1611,2009-09-17 00:00:00,Assam,25.1553,93.028,10.930000305175781,31.000000953674316,59.89000487327576,0
BG_1613,2010-04-15 00:00:00,Arunachal Pradesh,27.8997,93.3497,10.235000610351562,19.605000019073486,,0
BG_1756,2010-04-01 00:00:00,Sikkim,27.322,88.6087,1.0099999904632568,19.81000018119812,27.834999531507492,0
BG_1755,2007-09-09 00:00:00,Sikkim,27.3341,88.6083,9.549999237060547,52.279991149902344,138.43999481201172,0
BG_1770,2008-06-08 00:00:00,Assam,26.1965,91.763,22.789997100830078,46.3599967956543,,0
BG_1771,2008-08-13 00:00:00,Assam,26.1978,91.7665,21.239999771118164,76.81500053405762,190.1499969959259,0
BG_1776,2008-08-23 00:00:00,Meghalaya,25.3612,92.2845,0.0,,,0
BG_1775,2007-07-13 00:00:00,Arunachal Pradesh,27.8965,96.1779,1.059999942779541,18.739999294281006,,0
BG_1857,2008-10-28 00:00:00,Meghalaya,25.3433,92.2897,0.0,92.06000423431396,,0
BG_1930,2007-08-29 00:00:00,Arunachal Pradesh,28.4298,95.8776,6.505000114440918,6.715000122785568,37.18499764800072,0
BG_1929,2010-03-28 00:00:00,Sikkim,27.3543,88.6428,1.5399999618530273,6.924999445676804,10.724999316036701,0
BG_1935,2009-09-29 00:00:00,Tripura,23.8986,91.7599,19.584999084472656,,,0
BG_1934,2010-06-15 00:00:00,Assam,24.6005,92.3814,6.090000152587891,25.760000228881836,96.64999580383301,0
BG_1954,2010-03-29 00:00:00,Manipur,24.7543,93.5039,2.8999998569488525,15.169998943805695,15.179998943582177,0
BG_1961,2008-06-08 00:00:00,Meghalaya,25.8833,91.2,33.48999786376953,50.47999858856201,,0
BG_1987,2010-07-01 00:00:00,Assam,25.2269,93.1658,21.6200008392334,,,0
BG_1986,2008-06-19 00:00:00,Nagaland,26.3335,94.5512,2.445000171661377,52.2699990272522,99.87499523162842,0
BG_1994,2008-05-16 00:00:00,Assam,25.0633,92.8025,0.6050000190734863,4.860000014305115,,0
BG_1996,2010-06-10 00:00:00,Nagaland,26.4333,94.8833,0.26499998569488525,37.35999929904938,53.88999927043915,0
BG_2026,2008-06-09 00:00:00,Meghalaya,25.4916,91.2698,8.119998931884766,59.199989318847656,88.29498827457428,0
BG_2025,2007-07-21 00:00:00,Meghalaya,25.5728,91.885,3.255000114440918,80.32001399993896,402.12001037597656,0
BG_2045,2008-08-14 00:00:00,Nagaland,26.2363,94.8133,23.07499885559082,65.25499725341797,135.0450050830841,0
BG_2043,2010-04-18 00:00:00,Nagaland,26.7225,95.0281,33.869998931884766,89.34000015258789,199.21999502182007,0
BG_2042,2007-09-07 00:00:00,Nagaland,26.0093,94.5238,12.07500171661377,62.804991722106934,,0
BG_2044,2008-08-13 00:00:00,Nagaland,25.8877,94.7861,8.179999351501465,60.35499858856201,126.9499904513359,0
BG_2098,2007-08-23 00:00:00,Nagaland,26.7215,95.0283,4.9599995613098145,22.41499799489975,,0
BG_2106,2009-09-30 00:00:00,Nagaland,26.8716,94.9921,0.0,,,0
BG_2113,2008-08-16 00:00:00,Sikkim,27.3773,88.559,15.914999008178711,82.10000419616699,162.76999866962433,0
BG_2140,2008-05-18 00:00:00,Assam,25.0477,92.801,6.614999771118164,9.079999685287476,,0
BG_2163,2007-09-17 00:00:00,Nagaland,25.4196,94.1054,2.7249999046325684,16.834999561309814,28.054998576641083,0
BG_2166,2009-08-09 00:00:00,Assam,24.9786,93.5027,0.19499999284744263,4.85999995470047,,0
BG_2164,2009-09-15 00:00:00,Manipur,25.3098633,94.48214677,37.23500061035156,72.28500175476074,,0
BG_2182,2010-06-23 00:00:00,Manipur,24.9356,93.8443,8.350000381469727,,,0
BG_2205,2008-08-07 00:00:00,Mizoram,23.7365,92.7146,11.614999771118164,19.59999990463257,121.12000131607056,0
BG_2243,2007-08-31 00:00:00,Nagaland,25.70223725,94.04619681,31.434993743896484,57.60499382019043,115.30999326705933,0
BG_2247,2010-05-11 00:00:00,Nagaland,26.148,94.8422,0.3050000071525574,2.6599997878074646,33.95999723672867,0
BG_2248,2009-08-26 00:00:00,Nagaland,26.222,94.9152,3.575000286102295,13.630000412464142,138.48499995470047,0
BG_2249,2009-10-04 00:00:00,Nagaland,26.0814,94.803,28.22500228881836,54.550002574920654,,0
BG_2253,2007-07-26 00:00:00,Manipur,25.31006064,94.48265093,59.77000427246094,73.2400016784668,81.68000102043152,0
BG_2263,2007-10-21 00:00:00,Nagaland,26.2753,94.6654,1.2649999856948853,6.090000122785568,86.43500229716301,0
BG_2283,2010-04-12 00:00:00,Manipur,24.8961,93.4957,3.4649999141693115,,,0
BG_2282,2010-05-11 00:00:00,Nagaland,26.1984,94.8158,0.3050000071525574,2.6599997878074646,33.95999723672867,0
BG_2281,2008-08-06 00:00:00,Nagaland,25.61560252,94.11603493,9.130000114440918,20.044999361038208,,0
BG_2296,2010-04-21 00:00:00,Sikkim,27.167,88.3652,0.60999995470047,2.7249998301267624,24.609999179840088,0
BG_2304,2010-05-26 00:00:00,Nagaland,25.5718,94.1211,4.8949995040893555,,,0
BG_2344,2008-06-14 00:00:00,Assam,24.7505,93.4221,18.604997634887695,46.37000060081482,127.32999920845032,0
BG_2343,2010-06-09 00:00:00,Nagaland,25.4786,94.1327,3.789999485015869,16.529999256134033,125.31999969482422,0
BG_2345,2007-10-16 00:00:00,Sikkim,27.3392,88.6188,12.39000129699707,15.210001051425934,25.430000126361847,0
BG_2392,2007-09-24 00:00:00,Sikkim,27.3702,88.7334,12.610000610351562,,,0
BG_2405,2009-09-29 00:00:00,Arunachal Pradesh,28.3036,95.4112,0.0,,,0
BG_2411,2009-08-27 00:00:00,Arunachal Pradesh,27.0011,93.7273,15.329998970031738,21.469998836517334,157.78999614715576,0
BG_2415,2007-08-25 00:00:00,Nagaland,25.63961883,94.11112157,5.074999809265137,15.179999351501465,,0
BG_2420,2010-05-11 00:00:00,Mizoram,23.72988966,92.71495623,0.0,43.84499549865723,76.17499542236328,0
BG_2425,2007-09-10 00:00:00,Mizoram,23.3439,93.0748,0.3449999690055847,112.07001346349716,205.4750148653984,0
BG_2423,2010-04-21 00:00:00,Mizoram,23.73504471,92.71060943,0.004999999888241291,66.81500137317926,84.72499952185899,0
BG_2424,2007-05-18 00:00:00,Mizoram,23.591,92.9296,36.71500015258789,,,0
BG_2426,2010-04-19 00:00:00,Mizoram,22.7176,92.8416,0.4150000214576721,19.889998018741608,20.25499799847603,0
BG_2422,2010-04-17 00:00:00,Mizoram,23.74182634,92.7141905,1.3299999237060547,3.6949999034404755,8.729999750852585,0
BG_2421,2010-04-15 00:00:00,Mizoram,23.75406693,92.74128531,0.2199999988079071,5.2549998462200165,,0
BG_2437,2009-09-14 00:00:00,Mizoram,23.7527,92.694,9.640000343322754,10.33000035583973,,0
BG_2436,2008-08-15 00:00:00,Mizoram,24.3069,93.125,13.780000686645508,55.15499782562256,225.7000036239624,0
BG_2539,2009-10-05 00:00:00,Arunachal Pradesh,28.3092,95.4149,12.514999389648438,38.28499746322632,39.229997396469116,0
BG_2569,2007-10-13 00:00:00,Nagaland,25.2745,94.0212,3.7100000381469727,8.309999823570251,,0
BG_2570,2010-04-15 00:00:00,Manipur,24.837,93.9128,1.2049999237060547,11.674999237060547,,0
BG_2566,2009-08-07 00:00:00,Nagaland,25.4769,94.1351,5.710000038146973,,,0
BG_2567,2008-08-12 00:00:00,Manipur,25.6633,94.4703,18.05999755859375,77.23999977111816,103.53500080108643,0
BG_2568,2008-08-25 00:00:00,Assam,24.7679,93.4108,17.84499740600586,47.56500059366226,,0
BG_2576,2009-08-10 00:00:00,Nagaland,25.4788,94.1399,1.6499996185302734,7.574999451637268,,0
BG_2575,2007-07-12 00:00:00,Assam,25.5242,92.9914,0.08999999612569809,1.165000043809414,,0
BG_2579,2007-08-25 00:00:00,Nagaland,25.682,94.1076,5.074999809265137,15.179999351501465,,0
BG_2578,2007-09-25 00:00:00,Nagaland,25.3179,94.0462,0.0,1.1800000667572021,,0
BG_2577,2007-07-30 00:00:00,Nagaland,25.5265,93.8673,4.2400007247924805,13.220000505447388,163.74000120162964,0
BG_2573,2008-08-07 00:00:00,Assam,25.1796,93.0083,8.329998970031738,21.744997024536133,47.80499577522278,0
BG_2574,2009-09-15 00:00:00,Assam,25.4749,93.1477,6.625,24.14499893784523,,0
BG_2587,2009-09-12 00:00:00,Nagaland,25.6623,94.1072,0.7149999737739563,,,0
BG_2743,2008-08-15 00:00:00,Arunachal Pradesh,27.5798729,91.85672387,2.4000003337860107,5.270000338554382,35.764999985694885,0
BG_3269,2010-05-29 00:00:00,Arunachal Pradesh,28.0791,96.5242,1.4800000190734863,10.514999978244305,,0
BG_3525,2009-08-09 00:00:00,Assam,25.0672,93.4093,0.16999998688697815,2.115000158548355,,0
BG_3532,2007-07-22 00:00:00,Assam,25.0888,92.8551,6.829998970031738,8.834998905658722,68.96499472856522,0
BG_3556,2010-04-11 00:00:00,Manipur,25.1555,93.8474,2.1050000190734863,,,0
BG_3560,2009-08-11 00:00:00,Manipur,24.8286,93.5935,36.904998779296875,37.154998790472746,,0
BG_3633,2009-08-27 00:00:00,Nagaland,26.3186,94.5121,15.309999465942383,34.36500072479248,115.05000162124634,0
BG_3637,2009-08-09 00:00:00,Nagaland,25.51614662,94.2341227,1.5600001811981201,8.959999680519104,,0
BG_3663,2009-08-06 00:00:00,Nagaland,25.6682,94.1099,3.7649996280670166,,,0
BG_3662,2007-07-25 00:00:00,Manipur,25.03561729,94.0144205,21.744998931884766,37.294997453689575,46.3099969625473,0
BG_3672,2009-08-07 00:00:00,Assam,25.5125,93.3613,4.224999904632568,,,0
BG_3683,2010-04-19 00:00:00,Nagaland,25.8782,94.1739,27.704998016357422,73.11000460386276,84.09500387310982,0
BG_3738,2007-10-19 00:00:00,Manipur,24.8063,93.9482,1.75,5.359999775886536,110.31499445438385,0
BG_3741,2009-08-19 00:00:00,Nagaland,25.4191,94.1079,6.549999237060547,12.829999208450317,,0
BG_3760,2007-07-10 00:00:00,Nagaland,25.6703,94.1095,2.625,,,0
BG_3776,2008-06-04 00:00:00,Arunachal Pradesh,27.125,93.7145,6.064998626708984,,,0
BG_3789,2008-08-07 00:00:00,Arunachal Pradesh,27.2743,92.9064,1.3750001192092896,45.53500139713287,85.75999820232391,0
BG_3794,2010-07-04 00:00:00,Sikkim,26.99195749,88.42280921,30.255002975463867,130.98499488830566,,0
BG_3805,2007-09-14 00:00:00,Sikkim,27.05374234,88.42572376,15.00999927520752,35.79499912261963,113.98500227928162,0
BG_3806,2007-10-13 00:00:00,Arunachal Pradesh,27.1032,93.6884,0.05999999865889549,1.889999832957983,,0
BG_3830,2008-06-19 00:00:00,Manipur,24.3527,94.3429,3.5199999809265137,24.479999542236328,119.16499519348145,0
BG_3831,2010-07-13 00:00:00,Manipur,24.7992,93.948,6.0099992752075195,,,0
BG_3837,2010-05-29 00:00:00,Assam,26.5836,93.0038,0.574999988079071,20.884997069835663,,0
BG_3840,2007-07-11 00:00:00,Manipur,24.6869,93.9157,3.4099996089935303,,,0
BG_3860,2007-09-18 00:00:00,Nagaland,25.4192,94.108,1.0299999713897705,9.954999685287476,27.764998614788055,0
BG_3881,2010-05-08 00:00:00,Arunachal Pradesh,27.1034,93.6885,11.404999732971191,15.994999408721924,,0
BG_3912,2007-07-17 00:00:00,Arunachal Pradesh,27.44,92.2833,0.26999998092651367,106.18500089645386,156.4849956035614,0
BG_3916,2010-05-29 00:00:00,Assam,25.7713,93.8067,0.7299999594688416,13.784999310970306,,0
BG_3925,2007-10-14 00:00:00,Arunachal Pradesh,27.4888,93.0153,0.0,0.0,,0
BG_3927,2010-06-13 00:00:00,Meghalaya,25.5144,90.2167,0.0,4.534999847412109,212.08998382557184,0
BG_3932,2007-10-17 00:00:00,Nagaland,25.83,94.13,1.34499990940094,36.205002427101135,62.70499837398529,0
BG_3965,2008-08-06 00:00:00,Assam,24.808,93.117,24.644996643066406,74.27499198913574,,0
BG_3983,2009-09-13 00:00:00,Assam,26.1548,91.7351,0.19499999284744263,0.9800000786781311,,0
BG_4241,2007-08-22 00:00:00,Manipur,25.1604,93.6795,1.2050000429153442,11.259999513626099,,0
BG_4313,2009-08-07 00:00:00,Arunachal Pradesh,28.4659,95.86,29.455001831054688,,,0
BG_4378,2008-08-25 00:00:00,Arunachal Pradesh,28.8254,96.1517,14.564998626708984,14.989998623728752,,0
BG_4377,2010-04-16 00:00:00,Assam,26.1475,91.7356,38.04499816894531,60.214996337890625,,0
BG_4382,2013-07-12 00:00:00,Assam,25.1175,92.8573,10.804999351501465,,,0
BG_4383,2009-09-14 00:00:00,Assam,25.3056,93.1265,11.485000610351562,12.505000591278076,,0
BG_4384,2008-06-19 00:00:00,Assam,25.1775,93.0123,11.35999870300293,30.234996795654297,67.9349969625473,0
BG_4394,2008-06-18 00:00:00,Sikkim,27.1748,88.6458,10.925000190734863,44.69499969482422,94.15500140190125,0
BG_4403,2008-08-02 00:00:00,Manipur,24.8142,93.5444,11.414999961853027,,,0
BG_4407,2010-05-06 00:00:00,Assam,25.0951,92.3567,3.819999933242798,,,0
BG_4408,2008-05-16 00:00:00,Meghalaya,25.5498,92.0757,5.579999923706055,7.790000140666962,,0
BG_4411,2007-09-02 00:00:00,Sikkim,27.339,88.6065,19.650007247924805,,,0
BG_4424,2008-05-19 00:00:00,Assam,26.149,91.7351,0.2799999713897705,13.50499975681305,,0
BG_4426,2007-05-22 00:00:00,Assam,26.1226,91.7162,15.554998397827148,16.09499841928482,,0
BG_4435,2007-07-28 00:00:00,Arunachal Pradesh,27.174,95.8011,27.28999900817871,93.07999324798584,269.03000259399414,0
BG_4436,2007-07-24 00:00:00,Arunachal Pradesh,26.9986,95.4993,8.835000038146973,115.75498294830322,211.76498079299927,0
BG_4434,2010-04-13 00:00:00,Assam,26.1049,91.7369,19.69499969482422,34.47000026702881,,0
BG_4446,2010-03-24 00:00:00,Arunachal Pradesh,28.9986,94.8885,2.0299999713897705,4.159999698400497,,0
BG_4552,2009-10-03 00:00:00,Sikkim,27.0377,88.3603,0.6850000023841858,4.7549996972084045,,0
BG_4556,2008-08-13 00:00:00,Sikkim,27.1675,88.3651,1.679999828338623,39.00499677658081,113.77499687671661,0
BG_4570,2010-03-23 00:00:00,Arunachal Pradesh,27.8458,95.2253,13.804999351501465,25.784997940063477,,0
BG_4610,2007-08-31 00:00:00,Mizoram,23.7705,92.5217,10.545000076293945,64.07999801635742,137.94499111175537,0
BG_4757,2010-06-09 00:00:00,Arunachal Pradesh,28.1193,95.1645,9.459999084472656,24.97499942779541,135.9149990081787,0
BG_4798,2008-08-24 00:00:00,Arunachal Pradesh,28.8254,96.1509,0.3149999976158142,3.5100000351667404,,0
BG_4845,2010-06-22 00:00:00,Mizoram,24.2315,92.6755,3.5550005435943604,,,0
BG_4848,2007-08-29 00:00:00,Tripura,24.0896,91.4663,0.13999998569488525,29.820000290870667,97.25000536441803,0
BG_4860,2008-08-23 00:00:00,Assam,26.1016,91.6906,3.0,,,0
BG_4859,2009-10-03 00:00:00,Assam,26.1771,91.7599,46.784996032714844,46.92999602854252,,0
BG_4858,2008-08-23 00:00:00,Assam,26.1662,91.7138,6.654999732971191,,,0
BG_4857,2008-08-09 00:00:00,Mizoram,23.7281,92.7175,37.224998474121094,50.51499819755554,125.67500138282776,0
BG_4861,2007-09-02 00:00:00,Assam,24.9926,93.4946,24.53000259399414,,,0
BG_4892,2008-06-12 00:00:00,Arunachal Pradesh,27.8776,94.25,2.6549997329711914,85.71500873565674,90.01500840485096,0
BG_4906,2007-09-24 00:00:00,Nagaland,26.0977,94.7499,0.05999999865889549,,,0
BG_4905,2007-10-19 00:00:00,Nagaland,26.0977,94.7031,4.925000190734863,18.609997272491455,92.17999458312988,0
BG_4908,2009-09-30 00:00:00,Sikkim,27.3721,88.708,1.8050003051757812,,,0
BG_4990,2009-08-26 00:00:00,Sikkim,27.3765,88.7628,5.550000190734863,52.479997634887695,134.40499114990234,0
BG_5005,2009-08-20 00:00:00,Nagaland,26.72,95.029,13.745000839233398,29.309998750686646,66.22499871253967,0
BG_5006,2008-06-07 00:00:00,Nagaland,26.1147,94.3864,3.3350000381469727,18.88499927520752,,0
BG_5087,2010-06-27 00:00:00,Nagaland,25.6269,94.1139,5.284999847412109,38.78499794006348,,0
BG_5084,2007-07-24 00:00:00,Nagaland,25.616,94.1167,2.864999771118164,21.314997673034668,43.47999772429466,0
BG_5107,2008-05-20 00:00:00,Nagaland,25.6269,94.1139,5.2099995613098145,29.519999027252197,121.07499551773071,0
BG_5123,2007-08-20 00:00:00,Nagaland,25.7131,94.0885,6.444999694824219,,,0
BG_5122,2008-05-20 00:00:00,Nagaland,25.7658,93.9413,10.579999923706055,55.36500358581543,108.96500158309937,0
BG_5250,2010-06-28 00:00:00,Arunachal Pradesh,27.8837,93.0515,8.930001258850098,57.11500072479248,110.92000222206116,0
BG_5269,2008-06-09 00:00:00,Nagaland,25.8376,94.5234,31.194997787475586,90.10000038146973,152.48999738693237,0
BG_5275,2010-06-11 00:00:00,Nagaland,26.1498,94.6055,21.609996795654297,38.1699960231781,67.2099940776825,0
BG_5272,2008-08-23 00:00:00,Nagaland,26.2083,94.5438,10.315000534057617,,,0
BG_5271,2009-10-04 00:00:00,Nagaland,26.284,94.5808,20.875,46.50500011444092,,0
BG_5268,2008-08-12 00:00:00,Nagaland,26.0137,94.5163,14.89000129699707,46.600003242492676,100.1850026845932,0
BG_5270,2007-10-10 00:00:00,Nagaland,26.0481,94.4619,6.210000038146973,,,0
BG_5274,2010-04-11 00:00:00,Nagaland,26.0838,94.564,0.07500000298023224,,,0
BG_5273,2010-07-01 00:00:00,Nagaland,26.1807,94.5497,15.444999694824219,,,0
BG_5300,2007-10-10 00:00:00,Nagaland,25.318,94.0441,2.1049997806549072,,,0
BG_5312,2010-04-15 00:00:00,Assam,26.7103,94.693,73.43498992919922,79.72999012470245,,0
BG_5427,2007-09-29 00:00:00,Nagaland,25.3833,94.1884,1.6200001239776611,28.31999897956848,29.82499884814024,0
BG_5337,2010-03-23 00:00:00,Nagaland,26.4205,94.9731,0.0,0.14999999105930328,,0
BG_5338,2010-04-17 00:00:00,Assam,26.8727,94.9275,36.31500244140625,87.57500267028809,151.45500111579895,0
BG_5336,2008-08-10 00:00:00,Nagaland,26.3897,94.9439,17.325000762939453,37.140002608299255,48.960002303123474,0
BG_5343,2010-03-28 00:00:00,Assam,24.7625,93.4341,9.519999504089355,10.494999527931213,10.494999527931213,0
BG_5421,2007-10-12 00:00:00,Nagaland,26.4205,94.9731,2.2799999713897705,7.404999732971191,,0
BG_5430,2007-07-22 00:00:00,Manipur,24.9037,93.487,3.8799996376037598,7.34999942779541,30.57499933242798,0
BG_5431,2007-07-26 00:00:00,Assam,24.9829,93.5063,56.800010681152344,98.63000988960266,111.8000096976757,0
BG_5429,2008-08-09 00:00:00,Sikkim,27.3425,88.2426,75.45999908447266,93.03499984741211,209.08499431610107,0
BG_5442,2010-06-10 00:00:00,Arunachal Pradesh,27.1614,93.7525,17.419998168945312,37.559996604919434,64.58999729156494,0
BG_5441,2007-08-23 00:00:00,Arunachal Pradesh,28.611,94.9829,2.7049999237060547,14.839998722076416,,0
BG_5476,2008-08-11 00:00:00,Sikkim,27.3736,88.7323,25.61499786376953,86.08499908447266,147.30999851226807,0
BG_5552,2009-10-05 00:00:00,Manipur,25.0985,94.3619,0.7299998998641968,52.84499394893646,54.714993953704834,0
BG_5575,2007-09-11 00:00:00,Nagaland,25.8266,94.1497,2.0799999237060547,14.769999504089355,91.10499000549316,0
BG_5584,2010-03-24 00:00:00,Assam,26.1665,91.7049,0.0,0.3699999749660492,,0
BG_5582,2007-10-20 00:00:00,Assam,26.1309,91.8383,0.0,6.494999885559082,66.53999292850494,0
BG_5603,2010-05-05 00:00:00,Manipur,25.426,94.6024,2.1049997806549072,,,0
BG_6015,2009-08-12 00:00:00,Arunachal Pradesh,27.9032,96.174,36.35000228881836,72.07000160217285,167.16999396681786,0
BG_6016,2008-10-28 00:00:00,Assam,24.8669,92.3576,0.0,50.94999885559082,,0
BG_6105,2007-09-04 00:00:00,Arunachal Pradesh,28.9205,95.3429,47.404998779296875,82.02499580383301,,0
BG_6106,2008-08-13 00:00:00,Assam,26.1407,91.7645,21.239999771118164,76.81500053405762,190.1499969959259,0
BG_6107,2010-05-30 00:00:00,Assam,26.1844,91.7896,4.46999979019165,5.279999747872353,,0
BG_6110,2007-05-21 00:00:00,Assam,26.1619,91.7697,0.5400000214576721,0.5750000216066837,,0
BG_6112,2010-04-02 00:00:00,Assam,26.1964,91.7652,0.0,43.689998626708984,140.75999927520752,0
BG_6143,2008-08-22 00:00:00,Mizoram,23.7327,92.7463,12.139999389648438,,,0
BG_6513,2010-03-23 00:00:00,Tripura,23.0137,91.7174,0.0,0.0,,0
BG_6200,2009-09-14 00:00:00,Arunachal Pradesh,27.0869,93.6086,0.7999999523162842,1.9999999105930328,,0
BG_6331,2008-08-05 00:00:00,Nagaland,25.9466,94.6279,0.7800000905990601,31.500001311302185,,0
BG_6291,2007-10-21 00:00:00,Meghalaya,25.7354,90.3852,0.0,0.0,34.12999625504017,0
BG_6286,2009-08-25 00:00:00,Assam,26.1044,91.7082,0.32999998331069946,3.290000021457672,118.85499745607376,0
BG_6282,2007-08-26 00:00:00,Assam,26.1097,91.7747,23.440000534057617,28.5,69.83500236272812,0
BG_6287,2009-08-14 00:00:00,Assam,26.1295,91.7056,14.165000915527344,,,0
BG_6289,2007-07-26 00:00:00,Assam,26.1001,91.6849,66.33499908447266,115.11999416351318,156.82498943805695,0
BG_6283,2009-08-30 00:00:00,Assam,26.1314,91.7548,61.55500030517578,168.29499626159668,201.03499537706375,0
BG_6285,2009-08-25 00:00:00,Assam,26.159,91.8178,0.6449999809265137,9.65999984741211,127.25000762939453,0
BG_6288,2007-07-23 00:00:00,Assam,26.1985,91.7998,17.96500015258789,44.96500325202942,97.33999991416931,0
BG_6284,2010-04-02 00:00:00,Assam,26.1324,91.8342,0.0,27.44000045582652,113.98999683186412,0
BG_6292,2008-08-02 00:00:00,Assam,25.7238,89.9032,4.545000076293945,,,0
BG_6290,2010-04-17 00:00:00,Meghalaya,25.5772,91.8666,39.679996490478516,106.35499668121338,203.5199933052063,0
BG_6213,2007-07-13 00:00:00,Meghalaya,25.8143,90.5763,22.945003509521484,64.79500007629395,,0
BG_6222,2007-09-05 00:00:00,Arunachal Pradesh,27.1249,93.7706,47.809993743896484,132.64998626708984,,0
BG_6214,2008-08-23 00:00:00,Meghalaya,25.9702,91.8587,11.25,,,0
BG_6293,2007-09-07 00:00:00,Meghalaya,25.5006,90.0896,78.8499984741211,176.274995803833,,0
BG_6775,2008-05-18 00:00:00,Assam,26.1468,91.6469,11.250000953674316,12.665000852197409,,0
BG_6786,2009-09-13 00:00:00,Assam,24.6108,92.562,0.07000000029802322,0.07000000029802322,,0
BG_7591,2007-08-27 00:00:00,Assam,25.0318,92.4584,7.930000305175781,100.1099967956543,137.7949948310852,0
BG_7031,2009-09-17 00:00:00,Sikkim,27.6163,88.6586,12.555000305175781,15.235000133514404,32.89500153064728,0
BG_6971,2007-07-28 00:00:00,Arunachal Pradesh,27.0987,93.816,5.530000686645508,37.73999500274658,127.39499378204346,0
BG_6968,2007-09-04 00:00:00,Meghalaya,25.463,92.2121,23.3700008392334,60.03000068664551,,0
BG_6970,2009-08-15 00:00:00,Meghalaya,25.5084,90.2191,40.010005950927734,,,0
BG_6969,2010-04-18 00:00:00,Meghalaya,25.5114,90.215,51.54499816894531,269.3299903869629,351.48998975753784,0
BG_6945,2007-09-03 00:00:00,Manipur,25.16,93.686,9.74000072479248,,,0
BG_6963,2007-10-18 00:00:00,Mizoram,23.7131,92.7362,3.3949999809265137,45.695007622241974,178.45500725507736,0
BG_6990,2010-06-15 00:00:00,Nagaland,26.0319,94.5466,7.409999847412109,46.27999496459961,83.13999319076538,0
BG_7138,2010-07-06 00:00:00,Sikkim,27.0816,88.4397,59.040000915527344,121.4000015258789,275.1550016403198,0
BG_7214,2009-08-14 00:00:00,Arunachal Pradesh,27.36,93.0385,2.195000171661377,,,0
BG_7265,2008-08-09 00:00:00,Manipur,25.5007,93.9854,8.710000038146973,26.114999294281006,63.99999675154686,0
BG_7253,2008-06-04 00:00:00,Assam,24.7979,92.9974,10.875,,,0
BG_7267,2009-08-21 00:00:00,Manipur,25.3908,94.0926,11.374999046325684,43.07499122619629,75.1749918460846,0
BG_7264,2009-08-16 00:00:00,Manipur,25.4538,93.9827,0.8949999809265137,61.469993114471436,,0
BG_7263,2007-10-17 00:00:00,Manipur,25.4477,94.0489,1.9399999380111694,58.159995436668396,99.95999586582184,0
BG_7266,2007-05-22 00:00:00,Manipur,25.5098,93.8794,5.0,11.955000162124634,,0
BG_7279,2007-08-28 00:00:00,Manipur,24.9818,93.5142,5.759999752044678,28.19000005722046,78.09499907493591,0
BG_7276,2010-06-27 00:00:00,Assam,26.1062,91.8717,60.904991149902344,108.35498714447021,,0
BG_7364,2008-08-02 00:00:00,Manipur,24.819,94.3551,0.8100000619888306,,,0
BG_7372,2008-08-18 00:00:00,Manipur,25.0634,94.3415,26.720001220703125,45.78500032424927,89.0199978351593,0
BG_7389,2008-08-14 00:00:00,Manipur,24.4072,94.0644,43.41499328613281,57.8499960899353,208.83498525619507,0
BG_7371,2010-04-16 00:00:00,Manipur,23.9939,94.0573,0.4100000262260437,1.7100000381469727,,0
BG_7374,2007-07-18 00:00:00,Manipur,25.1122,94.3591,0.28999996185302734,11.959999442100525,67.66499817371368,0
BG_7385,2007-07-23 00:00:00,Manipur,24.004,93.9815,2.5999999046325684,15.22499942779541,30.079999446868896,0
BG_7369,2007-10-13 00:00:00,Manipur,24.1988,94.1016,1.7249999046325684,8.554999828338623,,0
BG_7373,2008-08-19 00:00:00,Manipur,24.9111,94.4759,5.529999732971191,56.1699914932251,104.73499131202698,0
BG_7390,2009-09-16 00:00:00,Manipur,24.4265,94.1913,1.2249999046325684,76.48500967025757,,0
BG_7384,2008-08-22 00:00:00,Manipur,23.9278,94.0906,4.940000057220459,,,0
BG_7375,2008-08-08 00:00:00,Manipur,25.1941,94.4481,3.8550000190734863,14.759998321533203,58.28999620676041,0
BG_7370,2010-06-22 00:00:00,Manipur,24.1419,94.1078,42.795005798339844,,,0
BG_7910,2007-08-31 00:00:00,Manipur,24.3481,94.1146,5.239999771118164,9.979999303817749,69.35000348091125,0
BG_7383,2009-08-10 00:00:00,Manipur,23.899,94.1434,5.115000247955322,6.050000220537186,,0
BG_7388,2008-10-27 00:00:00,Manipur,24.416,94.0984,2.6649999618530273,45.61500263214111,,0
BG_7387,2008-08-16 00:00:00,Manipur,24.954,94.2156,2.444999933242798,42.29999375343323,84.17499636113644,0
BG_7409,2010-05-05 00:00:00,Nagaland,25.72,94.6219,2.234999895095825,,,0
BG_7664,2007-10-10 00:00:00,Manipur,24.7459,93.4251,9.6899995803833,,,0
BG_7666,2010-06-26 00:00:00,Manipur,25.1019,93.3729,12.315000534057617,52.164995193481445,,0
BG_7665,2008-05-18 00:00:00,Manipur,24.7016,93.5291,8.305000305175781,21.154997766017914,,0
BG_7660,2008-10-28 00:00:00,Nagaland,25.6237,94.1136,1.3149998188018799,51.87999653816223,,0
BG_7887,2008-08-29 00:00:00,Arunachal Pradesh,27.8835,96.9262,11.755000114440918,20.039999961853027,29.770000338554382,0
BG_7334,2010-05-28 00:00:00,Arunachal Pradesh,28.1737,94.7596,3.9300003051757812,55.689995765686035,,0
BG_7335,2008-08-07 00:00:00,Meghalaya,25.5145,90.2023,11.504999160766602,24.004998207092285,56.104997634887695,0
BG_7699,2007-10-15 00:00:00,Nagaland,26.0214,94.5224,31.289995193481445,47.31499671936035,,0
BG_7706,2007-05-22 00:00:00,Meghalaya,25.0728,92.3636,4.444999694824219,58.36500549316406,,0
BG_7590,2008-06-08 00:00:00,Meghalaya,25.1416,92.3807,2.640000104904175,14.285000085830688,,0
BG_7589,2010-05-09 00:00:00,Meghalaya,25.2568,92.3825,0.0,29.939997673034668,,0
BG_7336,2007-05-19 00:00:00,Meghalaya,25.2193,90.5549,2.6549999713897705,7.490000128746033,,0
BG_7701,2010-06-08 00:00:00,Nagaland,25.6278,94.1051,6.864999771118164,66.49500274658203,102.50000095367432,0
BG_7727,2008-10-27 00:00:00,Nagaland,25.6263,94.1057,11.239999771118164,76.35999870300293,,0
BG_7728,2007-08-26 00:00:00,Assam,26.1028,91.8806,22.114999771118164,26.144999504089355,67.2449996471405,0
BG_7780,2007-10-19 00:00:00,Mizoram,23.3572,92.7878,4.194999694824219,8.094999432563782,160.63500797748566,0
BG_7778,2009-08-06 00:00:00,Mizoram,23.8447,93.0514,0.0949999988079071,,,0
BG_7836,2008-05-14 00:00:00,Mizoram,24.042,92.6724,0.26499998569488525,,,0
BG_7837,2007-07-29 00:00:00,Mizoram,23.7269,92.7265,2.580000162124634,16.855001091957092,82.00000298023224,0
BG_7972,2009-09-14 00:00:00,Mizoram,23.4495,92.8112,16.994998931884766,19.55499893426895,,0
BG_7933,2009-09-16 00:00:00,Assam,26.1868,91.6739,1.994999885559082,3.8999998569488525,,0
BG_7923,2007-08-20 00:00:00,Assam,26.49349035,91.72137514,0.0949999988079071,,,0
BG_7956,2007-10-14 00:00:00,Meghalaya,26.048,91.8695,10.779997825622559,15.14999771118164,,0
BG_8012,2007-09-25 00:00:00,Meghalaya,25.9703,91.8584,20.39499855041504,30.309998512268066,,0
BG_8224,2009-09-13 00:00:00,Mizoram,23.7313,92.7187,0.7149999737739563,2.419999837875366,,0
BG_8223,2010-03-26 00:00:00,Mizoram,23.7348,92.7187,1.7949998378753662,1.7949998378753662,,0
BG_8339,2010-03-25 00:00:00,Assam,26.1666,91.7042,11.344999313354492,11.344999313354492,,0
BG_8366,2010-06-23 00:00:00,Meghalaya,25.583,91.893,0.2199999988079071,,,0
BG_9405,2010-04-12 00:00:00,Nagaland,26.7223,95.0243,35.01499557495117,,,0
BG_7655,2008-05-15 00:00:00,Arunachal Pradesh,27.5799,91.8569,11.314998626708984,,,0
BG_9404,2007-07-29 00:00:00,Arunachal Pradesh,28.0822,96.5316,8.434999465942383,109.71999931335449,253.33499193191528,0
BG_9338,2009-08-22 00:00:00,Assam,24.4638,92.4943,0.8250000476837158,9.430000066757202,24.044998824596405,0
BG_9335,2010-06-13 00:00:00,Assam,24.5202,92.7239,19.604997634887695,42.22499702870846,135.8249857276678,0
BG_9336,2010-07-02 00:00:00,Assam,24.5308,92.5121,14.880000114440918,42.86999988555908,,0
BG_9334,2007-09-17 00:00:00,Assam,24.5204,92.7264,50.98999786376953,79.3799934387207,163.56499004364014,0
BG_9169,2007-09-23 00:00:00,Nagaland,26.1677,94.2442,0.0,,,0
BG_9168,2007-07-12 00:00:00,Arunachal Pradesh,27.6438,93.871,2.7750000953674316,96.49999475479126,,0
BG_9142,2007-08-26 00:00:00,Nagaland,26.3185,94.5247,81.52499389648438,100.60499477386475,120.20999383926392,0
BG_8222,2009-08-06 00:00:00,Assam,26.1961,91.7825,4.99500036239624,,,0
BG_8237,2008-10-28 00:00:00,Arunachal Pradesh,27.0136,92.6351,0.39500004053115845,85.37500339746475,,0
BG_8684,2008-06-10 00:00:00,Assam,25.9611,91.3681,5.965000152587891,72.82000064849854,151.44999742507935,0
BG_8900,2007-10-21 00:00:00,Manipur,25.0118,94.3136,0.17499998211860657,15.514998465776443,94.67499312758446,0
BG_8901,2010-05-10 00:00:00,Nagaland,25.7902,94.1318,0.1899999976158142,11.009999215602875,,0
BG_8930,2008-08-12 00:00:00,Nagaland,26.1699,94.4922,8.015000343322754,42.684996604919434,90.28999996185303,0
BG_8996,2010-05-05 00:00:00,Assam,26.1768,91.7702,5.090000152587891,,,0
BG_8995,2010-06-30 00:00:00,Assam,26.1963,91.8074,1.3249999284744263,,,0
BG_9010,2008-05-15 00:00:00,Arunachal Pradesh,27.3034,93.804,0.22499999403953552,,,0
BG_9124,2007-09-11 00:00:00,Meghalaya,25.203,90.5573,0.0,69.60500037670135,326.2600020170212,0
BG_9087,2010-06-26 00:00:00,Arunachal Pradesh,28.235,94.9612,9.819998741149902,47.559998512268066,,0
BG_9051,2009-08-27 00:00:00,Meghalaya,26.09748244,91.8744337,5.679999828338623,30.24499663710594,69.87999638915062,0
BG_9122,2007-10-16 00:00:00,Assam,26.1966,91.802,40.29499435424805,58.54999303817749,105.95999383926392,0
BG_9186,2009-08-24 00:00:00,Manipur,25.48,94.1383,4.179999828338623,31.040000438690186,81.71499490737915,0
BG_9219,2008-08-28 00:00:00,Nagaland,26.0101,94.5282,6.064999580383301,30.024998664855957,44.63499736785889,0
BG_9252,2010-06-11 00:00:00,Arunachal Pradesh,27.5748,91.8644,1.96999990940094,13.799999475479126,31.30499890446663,0
BG_9232,2007-09-28 00:00:00,Mizoram,23.5397,93.3783,5.354999542236328,51.98500061035156,,0
BG_9251,2010-07-06 00:00:00,Nagaland,25.8702,94.7844,2.9749999046325684,18.5749990940094,66.72500151395798,0
BG_9464,2010-06-22 00:00:00,Arunachal Pradesh,27.5754,91.9754,4.585000514984131,,,0
BG_9604,2007-09-05 00:00:00,Sikkim,27.2676,88.2891,38.6400032043457,58.45500183105469,,0
BG_9619,2007-08-31 00:00:00,Sikkim,27.1695,88.3664,2.0899999141693115,94.98000121116638,109.8300010561943,0
BG_9620,2008-10-25 00:00:00,Sikkim,27.172,88.5292,1.434999942779541,2.409999907016754,,0
