event_id,event_date,event_title,landslide_trigger,landslide_size,landslide_setting,country_name,state,latitude,longitude,fatality_count,injury_count
78,2007-05-23 00:00:00,"Pangthang, on road b/t Gangtok and North Sikkim",rain,medium,unknown,India,Sikkim,27.3383,88.6069,,
126,2007-07-16 00:00:00,Bardang near Singtam,rain,medium,unknown,India,Sikkim,27.1499,88.38,,
130,2007-07-19 00:00:00,Guwahati,rain,medium,unknown,India,Assam,26.1699,91.7986,6.0,
141,2007-07-26 00:00:00,Singtam,rain,medium,unknown,India,Meghalaya,25.38,91.88,,
142,2007-07-27 00:00:00,Tura,rain,large,unknown,India,Meghalaya,25.5212,90.232,8.0,
148,2007-07-30 00:00:00,Saiha,downpour,medium,unknown,India,Mizoram,22.479,92.967,,
147,2007-07-30 00:00:00,Lawngtlai,downpour,medium,unknown,India,Mizoram,22.533,92.899,,
211,2007-08-26 00:00:00,Tamenglong,continuous_rain,medium,unknown,India,Manipur,24.9667,93.55,1.0,
213,2007-08-26 00:00:00,Shillong Road at Kuliang in the Jaintia Hills,rain,medium,unknown,India,Assam,25.2946,92.8339,,
212,2007-08-26 00:00:00,National Highway No 44 at Sonarpur in Meghalaya,rain,medium,unknown,India,Meghalaya,25.5576,91.8506,,
215,2007-08-28 00:00:00,Phesema area at National Highway 39,rain,medium,unknown,India,Nagaland,25.7428,93.9136,1.0,
220,2007-08-31 00:00:00,"Velnal village, Tamei sub-division and Toribari village (3 kilometer toward Tamei from Kangpokpi)",rain,medium,unknown,India,Manipur,25.1333,93.9667,,
247,2007-09-08 00:00:00,"Lower Shajouba village near Tadubi along NH 39, Manipur ",rain,medium,unknown,India,Manipur,25.0604,93.9877,,
251,2007-09-09 00:00:00,Hingdam village in South Sikkim,rain,medium,unknown,India,Sikkim,27.1667,88.35,1.0,
252,2007-09-09 00:00:00,"Mao in Manipur, Phipema and Chunikhudima in Nagaland",rain,medium,unknown,India,Nagaland,25.4993,94.1192,,
255,2007-09-10 00:00:00,Wamkhu village along the Tengnoupal-Joupi road in Chandel district,rain,medium,unknown,India,Manipur,24.2451,94.0691,,
256,2007-09-10 00:00:00,Rhodong village near Rhey in East Sikkim,rain,medium,unknown,India,Sikkim,27.3425,88.6236,,
259,2007-09-11 00:00:00,"Assam-Agartala National Highway, Sonarpur in Jayantiya hills of Meghalaya",rain,medium,unknown,India,Meghalaya,25.52,91.27,,
258,2007-09-11 00:00:00,"NH-39 at Imphal-Moreh section, Lokchao largest event",rain,medium,unknown,India,Manipur,24.4279,94.0564,3.0,
264,2007-09-13 00:00:00,Guwahati,rain,medium,unknown,India,Assam,26.1833,91.8,,
269,2007-09-18 00:00:00,Geyzing-Jorethang road and Naya Bazar-Legship road,rain,medium,unknown,India,Sikkim,27.2872,88.2816,,
285,2007-09-29 00:00:00,"National Highway, 45 Aizwal (Mizoram)",rain,medium,unknown,India,Mizoram,24.1293,92.6921,,
313,2007-10-16 00:00:00,"NH-39 at Piphema,  6 km towards Dimapur from Kohima in Nagaland",rain,large,unknown,India,Nagaland,25.7055,94.0132,,
319,2007-10-19 00:00:00,"Maram-Purul Road, Karong Assembly Constituency of Senapati district, Manipur",rain,medium,unknown,India,Nagaland,25.4379,94.1162,,
322,2007-10-21 00:00:00,National Highway 53 at Nungba in Tamenglong district of Manipur,rain,medium,unknown,India,Assam,24.75,93.4333,,
545,2008-05-20 00:00:00,"A Cachar District village, near village of Srinager, Assam",mining,medium,unknown,India,Assam,24.9849,92.8411,5.0,
580,2008-06-09 00:00:00,"near Kuloor church, in Manipur along National Highway",monsoon,medium,unknown,India,Manipur,24.6596,93.9784,,
585,2008-06-14 00:00:00,"Itanagar-Naharlagun, Arunachal Pradesh",rain,large,unknown,India,Arunachal Pradesh,27.0998,93.6287,21.0,
587,2008-06-15 00:00:00,"Lakhimpur district, Bihpuria, Assam",downpour,medium,unknown,India,Assam,27.2298,94.0989,17.0,
594,2008-06-19 00:00:00,"Namkaoluang village, Tamenglong-Sangrung (Khongsang) road, NH-53, Manipur",monsoon,medium,unknown,India,Manipur,24.9336,93.8275,,
692,2008-08-07 00:00:00,"National Highway-39, Dimapur-Imphal road and another under Kiphire district of Nagaland",downpour,medium,unknown,India,Nagaland,25.705,94.04,,
714,2008-08-14 00:00:00,"Kimin-Ziro road in Papum Pare district, road between Doimukh and Sagalee, Doimukh-Hoj road; Arunachal Pradesh",rain,medium,unknown,India,Assam,27.163,94.0,,
731,2008-08-19 00:00:00,"Akuk village, Wokha District, Nagaland",downpour,medium,unknown,India,Nagaland,26.138,94.25,4.0,
755,2008-08-28 00:00:00,"Ranka, Sikkim and Louing road",downpour,medium,unknown,India,Sikkim,27.337,88.609,,
760,2008-08-29 00:00:00,"Kohima, Nagaland",downpour,medium,unknown,India,Nagaland,25.67,94.1066,,
868,2008-10-29 00:00:00,"Kamrup, and Sonitpur, Assam",downpour,medium,unknown,India,Assam,26.3333,91.25,7.0,
870,2008-10-29 00:00:00,"West Kameng, Arunachal Pradesh",downpour,medium,unknown,India,Arunachal Pradesh,27.4,92.35,12.0,
869,2008-10-29 00:00:00,North Lakhimpur ,downpour,medium,unknown,India,Assam,27.2333,94.1167,,
1084,2009-08-12 00:00:00,"Upper Subansiri District, Arunanchal Pradesh",downpour,medium,unknown,India,Arunachal Pradesh,27.7,92.8,0.0,
1108,2009-08-20 00:00:00,"Tamei, Tamenglong district on Imphal-Tamenglong (IT) road",downpour,medium,unknown,India,Assam,24.9925,93.5,0.0,
1112,2009-08-20 00:00:00,"NH31A, Mile 27 near Rambi",downpour,medium,unknown,India,Sikkim,27.1761,88.5287,0.0,
1109,2009-08-20 00:00:00,Lumding-Badarpur section in North Cachar Hills district,downpour,medium,unknown,India,Assam,25.5215,93.1645,0.0,
1125,2009-08-26 00:00:00,"17th Mile towards Tsomgo Lake, near Kyongsala, Sikkim ",rain,medium,unknown,India,Sikkim,27.3746,88.7648,,
1127,2009-08-27 00:00:00,between Mahur and Phaiding railway stations on Barail hills (Mahur and Barail hills located),downpour,medium,unknown,India,Assam,25.1718,93.123,,
1129,2009-08-30 00:00:00,"Road stretch from Gammom to Chamu village, under Kamjong block, Ukhrul district, Manipur",downpour,medium,unknown,India,Manipur,24.8628,94.4182,,
1168,2009-09-17 00:00:00,"4th Mile on road between Rongli, Rhenock and Rangpo in East Sikkim.",rain,medium,unknown,India,Sikkim,27.1954,88.6115,,
1222,2009-10-05 00:00:00,"Chhinga Veng, Aizawl",downpour,medium,urban,India,Mizoram,23.73478778,92.72124394,3.0,
1596,2010-03-27 20:00:00,"LangthAbal Khoupum, Imphal, Manipur",downpour,medium,unknown,India,Manipur,24.7339,93.9161,0.0,
1611,2010-04-01 00:00:00,"Paglanala village, Dholai Block, near Dwarbandh locality of the district, Cachar district (could only find district) 45 km from Silchar, Assam",downpour,medium,unknown,India,Assam,25.1553,93.028,3.0,
1613,2010-04-02 23:00:00,"Koloriang, Kuring Kumey district, Arunachal Pradesh",downpour,large,unknown,India,Arunachal Pradesh,27.8997,93.3497,12.0,
1756,2010-04-17 00:00:00,"Nam Nang, Gangtok",downpour,small,unknown,India,Sikkim,27.322,88.6087,0.0,
1755,2010-04-17 15:00:00,"Natl. Highway 31-A at Pani House(?), Gangtok",downpour,small,unknown,India,Sikkim,27.3341,88.6083,0.0,
1770,2010-04-20 00:00:00,"Kharghuli, Guwahati, Assam",downpour,medium,unknown,India,Assam,26.1965,91.763,0.0,
1771,2010-04-20 00:00:00,"Raj Bhavan Guwahati, Assam",downpour,medium,unknown,India,Assam,26.1978,91.7665,0.0,
1776,2010-04-21 00:00:00,Shillong-Jowai(Jwai)-Badarpur National Highway(NH 44) at Sunapur village in Jaintia Hills District,downpour,medium,unknown,India,Meghalaya,25.3612,92.2845,0.0,
1775,2010-04-21 00:00:00,Arunachal Pradesh ,downpour,medium,unknown,India,Arunachal Pradesh,27.8965,96.1779,12.0,
1857,2010-05-11 09:00:00,"National highway 44 at Sunapur and Tongseng in Jaintia Hills district, eastern Meghalaya",downpour,medium,unknown,India,Meghalaya,25.3433,92.2897,0.0,
1930,2010-05-31 00:00:00,"Anini-Roing road,  Dibang Valley,  Arunachal Pradesh ",downpour,medium,unknown,India,Arunachal Pradesh,28.4298,95.8776,0.0,
1929,2010-05-31 23:00:00,"North Sikkiim Highway, periphery of Gangtok, Sikkim East district",downpour,medium,unknown,India,Sikkim,27.3543,88.6428,0.0,
1935,2010-06-03 00:00:00,"atharamura hills, Highway 44, Tripura",downpour,medium,unknown,India,Tripura,23.8986,91.7599,0.0,
1934,2010-06-03 05:00:00,Rongpur village under Bhairabhnagar panchayat in Karimganj district,downpour,medium,unknown,India,Assam,24.6005,92.3814,2.0,
1954,2010-06-07 00:00:00,"Irang(?) and Barak(?) and Makru(?) on highway 53 between Imphal and Jiribam, Manipur",rain,medium,unknown,India,Manipur,24.7543,93.5039,0.0,
1961,2010-06-09 14:15:00,"Ishok Chingphu(?), Bishnupur, Assam",downpour,medium,unknown,India,Meghalaya,25.8833,91.2,0.0,
1987,2010-06-15 00:00:00,"rails between Mahur and Wadringdisa(?), Assam",downpour,medium,unknown,India,Assam,25.2269,93.1658,0.0,
1986,2010-06-15 00:00:00,"Fazl Ali College, Mokokchung, Nagaland",downpour,medium,unknown,India,Nagaland,26.3335,94.5512,0.0,
1994,2010-06-16 00:00:00,"rails between Jatinga and Longrangjao(?), Assam",downpour,medium,unknown,India,Assam,25.0633,92.8025,0.0,
1996,2010-06-17 19:30:00,"Shayoung Ward(?), Longleng, Nagaland",downpour,medium,unknown,India,Nagaland,26.4333,94.8833,0.0,
2026,2010-06-28 00:00:00,"Borsorsa(?), West Khasi Hills, Meghalaya",downpour,medium,unknown,India,Meghalaya,25.4916,91.2698,0.0,
2025,2010-06-28 00:00:00,"Police CID complex(?), Shillong, Meghalaya",downpour,medium,unknown,India,Meghalaya,25.5728,91.885,1.0,
2045,2010-07-06 00:00:00,"Tuensang, Nagaland",monsoon,medium,unknown,India,Nagaland,26.2363,94.8133,0.0,
2043,2010-07-06 00:00:00,"Mon, Nagaland",monsoon,medium,unknown,India,Nagaland,26.7225,95.0281,0.0,
2042,2010-07-06 00:00:00,"Zunheboto, Nagaland",monsoon,medium,unknown,India,Nagaland,26.0093,94.5238,0.0,
2044,2010-07-06 00:00:00,"Kiphire,  Nagaland",monsoon,medium,unknown,India,Nagaland,25.8877,94.7861,0.0,
2098,2010-07-19 06:00:00,"Jahjon ward(?), Mon town, Nagaland",downpour,medium,unknown,India,Nagaland,26.7215,95.0283,0.0,
2106,2010-07-20 00:00:00,"road to Oting near Longlam village, 13 km from Tizit subdivision, Mon district, Nagaland",downpour,medium,unknown,India,Nagaland,26.8716,94.9921,0.0,
2113,2010-07-21 08:00:00,"Singtam-Mangan rd, Sikkim",downpour,medium,unknown,India,Sikkim,27.3773,88.559,0.0,
2140,2010-07-25 00:00:00,"road between Halfong and Redzol(?) or Silchar, Assam",downpour,medium,unknown,India,Assam,25.0477,92.801,0.0,
2163,2010-07-29 00:00:00,"Maram area in Senapati district, National Highway 39",downpour,medium,unknown,India,Nagaland,25.4196,94.1054,0.0,
2166,2010-07-29 00:00:00,"Highway 53 at Tupul, Tamenglong district",downpour,medium,unknown,India,Assam,24.9786,93.5027,0.0,
2164,2010-07-29 23:00:00,"Chingai-Kuingai(Quingai) route (16 kms), Chingai subdivision, Ukhrul district, Manipur",downpour,medium,unknown,India,Manipur,25.3098633,94.48214677,0.0,
2182,2010-07-31 09:00:00,Dimapur-Imphal highway (NH 39) near Manipur,rain,medium,unknown,India,Manipur,24.9356,93.8443,0.0,
2205,2010-08-06 00:00:00,"Dawrpui Vengthar cemetary, Aizwal, Mizoram",downpour,medium,unknown,India,Mizoram,23.7365,92.7146,0.0,
2243,2010-08-13 00:00:00,"NH-39 near Kohima Municipality Council(KMC) dumping ground, between Zubza(Sechu) and Kohima, Nagaland",downpour,medium,mine,India,Nagaland,25.70223725,94.04619681,0.0,
2247,2010-08-14 00:00:00,"Tuensang-Shamatore(Sampurre) rd, Nagaland",downpour,medium,unknown,India,Nagaland,26.148,94.8422,0.0,
2248,2010-08-14 00:00:00,"Noklak-Tuensang road, Nagaland",downpour,medium,unknown,India,Nagaland,26.222,94.9152,0.0,
2249,2010-08-14 00:00:00,"Kiphire-Tuensang rd, Nagaland",downpour,medium,unknown,India,Nagaland,26.0814,94.803,0.0,
2253,2010-08-15 23:00:00,"Chingai-Kuingai(Quingai) route (16 kms), Chingai subdivision, Ukhrul district, Manipur",downpour,medium,unknown,India,Manipur,25.31006064,94.48265093,0.0,
2263,2010-08-17 00:00:00,"Dikhu bridge(?), Mokokchung-Tuensang road, Nagaland",downpour,medium,unknown,India,Nagaland,26.2753,94.6654,0.0,
2283,2010-08-19 00:00:00,"2 km from Khongsang village(?), road between Tamenglong and Imphal or Nungba, Manipur",downpour,medium,unknown,India,Manipur,24.8961,93.4957,0.0,
2282,2010-08-19 06:30:00,"Tuensang-Kohima rd, 3 km outside Tuensang, Nagaland",downpour,medium,unknown,India,Nagaland,26.1984,94.8158,0.0,
2281,2010-08-19 18:00:00,"Kisima, Nagaland",downpour,medium,above_road,India,Nagaland,25.61560252,94.11603493,,
2296,2010-08-20 00:00:00,"many locations around Namchi, Sikkim",downpour,medium,unknown,India,Sikkim,27.167,88.3652,0.0,
2304,2010-08-21 18:00:00,"NH 39 at Kigwema(?), between Mao Gate and Kohima, Nagaland",downpour,medium,unknown,India,Nagaland,25.5718,94.1211,0.0,
2344,2010-08-27 16:30:00,"NH-53 at Nungba police station, Kambirong(?), Manipur",downpour,medium,unknown,India,Assam,24.7505,93.4221,0.0,
2343,2010-08-27 16:30:00,"NH-39 at Ekai village(?), 2 km for Tadubi, Manipur",downpour,medium,unknown,India,Nagaland,25.4786,94.1327,0.0,
2345,2010-08-27 18:00:00,"Daragaon(?), Gangtok city, Sikkim",downpour,medium,unknown,India,Sikkim,27.3392,88.6188,0.0,
2392,2010-09-04 00:00:00,"17th mile(?), Jawaharlal Nehru Marg hwy, between Gangtok and Nathu La, Sikkim",downpour,medium,unknown,India,Sikkim,27.3702,88.7334,0.0,
2405,2010-09-09 23:00:00,"Mossing(Mosing) village(?), Upper Siang district, Arunachal Pradesh",downpour,medium,unknown,India,Arunachal Pradesh,28.3036,95.4112,10.0,
2411,2010-09-10 00:00:00,"districts Lakhimpur, Dhemaji, Golaghat, and Sonitpur, Assam province",downpour,medium,unknown,India,Arunachal Pradesh,27.0011,93.7273,0.0,
2415,2010-09-12 00:00:00,power lines 5 km from Kohima,downpour,medium,unknown,India,Nagaland,25.63961883,94.11112157,,
2420,2010-09-13 00:00:00,"Tuikual 'C', Aizawl, Mizoram",downpour,medium,urban,India,Mizoram,23.72988966,92.71495623,1.0,
2425,2010-09-13 00:00:00,"near Tuichang(?) on Tuichang river, Aizawl-Champhai rd, Mizoram",downpour,medium,unknown,India,Mizoram,23.3439,93.0748,0.0,
2423,2010-09-13 00:00:00,"road to Kanan Veng from Hunthar Veng, Mizoram",downpour,medium,above_road,India,Mizoram,23.73504471,92.71060943,,
2424,2010-09-13 00:00:00,"near Tuivawl(?), Aizawl-Champhai rd, Aizawl district, Mizoram",downpour,medium,unknown,India,Mizoram,23.591,92.9296,0.0,
2426,2010-09-13 00:00:00,"Hual(Hu) village(?), Lunglei-Lawngtlai rd, Mizoram",downpour,medium,unknown,India,Mizoram,22.7176,92.8416,0.0,
2422,2010-09-13 00:00:00,"Hunthar Veng, Mizoram",downpour,medium,urban,India,Mizoram,23.74182634,92.7141905,,
2421,2010-09-13 09:00:00,"road to Muanna Godown, Zuangtui, Mizoram",downpour,medium,above_road,India,Mizoram,23.75406693,92.74128531,,
2437,2010-09-16 00:00:00,"Aizawl-Lengpui rd 3km from Aizawl, Mizoram, Manipur",downpour,medium,unknown,India,Mizoram,23.7527,92.694,0.0,
2436,2010-09-16 03:00:00,"Taithu village, Churanchandpur district, Mizoram, Manipur",downpour,medium,unknown,India,Mizoram,24.3069,93.125,0.0,
2539,2010-10-03 00:00:00,"Mosing village, Upper Siang district, Arunachal Pradesh",downpour,medium,unknown,India,Arunachal Pradesh,28.3092,95.4149,10.0,
2569,2010-10-08 00:00:00,"Bungte Chiru village(?), Senapati district, Manipur",downpour,medium,unknown,India,Nagaland,25.2745,94.0212,0.0,
2570,2010-10-08 00:00:00,"Tharon(?) and Langol Tarung villages, Thangmeiband constituency, Imphal, Manipur",downpour,medium,unknown,India,Manipur,24.837,93.9128,0.0,
2566,2010-10-08 00:00:00,"Sahong, Tabu and Pani village under Tadubi police station of Senapati district, NH-39",downpour,medium,unknown,India,Nagaland,25.4769,94.1351,0.0,
2567,2010-10-08 00:00:00,"Phek, Manipur",downpour,medium,unknown,India,Manipur,25.6633,94.4703,0.0,
2568,2010-10-08 00:00:00,"Nungba, Tamenglong, Manipur",downpour,medium,unknown,India,Assam,24.7679,93.4108,0.0,
2576,2010-10-09 00:00:00,"NH-39 at Tobio village(?), 7 km form Tadubi, Manipur",downpour,medium,unknown,India,Nagaland,25.4788,94.1399,0.0,
2575,2010-10-09 00:00:00,"road between Haflong and Lanka, Assam",downpour,medium,unknown,India,Assam,25.5242,92.9914,0.0,
2579,2010-10-09 00:00:00,"Lower Pezielietsie(Tinpati), Kohima, Manipur",downpour,medium,unknown,India,Nagaland,25.682,94.1076,0.0,
2578,2010-10-09 00:00:00,"NH-39 in Karong area, Manipur",downpour,medium,unknown,India,Nagaland,25.3179,94.0462,0.0,
2577,2010-10-09 00:00:00,"NH-39 near Khongnem(?) village, between Imphal and Dimapur, Manipur",downpour,medium,unknown,India,Nagaland,25.5265,93.8673,0.0,
2573,2010-10-09 00:00:00,"Haflong, Assam",downpour,medium,unknown,India,Assam,25.1796,93.0083,1.0,
2574,2010-10-09 00:00:00,"between Mahur and Maigrandisa(?) or Lumding, Assam",downpour,medium,unknown,India,Assam,25.4749,93.1477,0.0,
2587,2010-10-10 06:00:00,"Lower Chandmari area, PWD department, Kohima, Manipur",downpour,medium,unknown,India,Nagaland,25.6623,94.1072,0.0,
2743,2010-11-22 00:00:00,"Tawang Monastery, Arunachal Pradesh",unknown,medium,natural_slope,India,Arunachal Pradesh,27.5798729,91.85672387,,
3269,2011-03-22 00:00:00,"road from other districts to Hawai(Tawai?) which is  on Lojit river, near Hayuliang,  Anjaw district, Arunachal Pradesh",downpour,medium,unknown,India,Arunachal Pradesh,28.0791,96.5242,0.0,
3525,2011-05-22 00:00:00,"Kaiphundai(?)-Tousem(in Assam) road, Tamenglong district, Manipur",downpour,medium,unknown,India,Assam,25.0672,93.4093,0.0,
3532,2011-05-24 00:00:00,"Silchar-Haflong rd., at Reko(Rekha )(?), near Harangajao, Barail Hills, Assam",downpour,medium,unknown,India,Assam,25.0888,92.8551,0.0,
3556,2011-05-31 14:00:00,"Roads between Tamei(Tamma?), Kangpokpi and Chalwa, Manipur",continuous_rain,small,unknown,India,Manipur,25.1555,93.8474,0.0,
3560,2011-05-31 14:30:00,"Gaoilung(Gadailong) village(?), Ward 4(?), Tamenglong, Manipur",downpour,medium,unknown,India,Manipur,24.8286,93.5935,2.0,
3633,2011-06-20 00:00:00,Mokokchung,downpour,medium,unknown,India,Nagaland,26.3186,94.5121,0.0,
3637,2011-06-21 00:00:00,"Lasumi village in Phek district, Kohima",rain,medium,deforested_slope,India,Nagaland,25.51614662,94.2341227,,
3663,2011-06-28 00:00:00,"Ruzapfu valley, Kikruma Village, Phek District, Nagaland",downpour,medium,unknown,India,Nagaland,25.6682,94.1099,0.0,
3662,2011-06-28 00:00:00,"Ikou-Gangpijang road, near: Ikou, Saikul, and Gangpijang; Imphal India",rain,medium,below_road,India,Manipur,25.03561729,94.0144205,,
3672,2011-06-29 00:00:00,"Portions of NH 39, Connectin Manipur with Assam via Nagaland",downpour,medium,unknown,India,Assam,25.5125,93.3613,0.0,
3683,2011-07-01 00:00:00,NH-61 between Botsa and Chiechama,downpour,medium,unknown,India,Nagaland,25.8782,94.1739,0.0,
3738,2011-07-06 00:00:00,"National Highway 53, Sinam Khul (near Kotlen; ~25 km from Imphal)",downpour,medium,unknown,India,Manipur,24.8063,93.9482,6.0,
3741,2011-07-07 00:00:00,Maram (80 km north of Imphal),rain,medium,unknown,India,Nagaland,25.4191,94.1079,0.0,
3760,2011-07-11 09:00:00,"NH-61, 1 km before reaching Botsa",downpour,medium,unknown,India,Nagaland,25.6703,94.1095,0.0,
3776,2011-07-15 18:00:00,Itanagar/Naharlagur/Nirjuli,downpour,small,unknown,India,Arunachal Pradesh,27.125,93.7145,0.0,
3789,2011-07-16 00:00:00,Mebua (8 km from Seppa),downpour,medium,unknown,India,Arunachal Pradesh,27.2743,92.9064,0.0,
3794,2011-07-17 00:00:00,West Bengal-Sikkim at highway Rambi,rain,medium,above_road,India,Sikkim,26.99195749,88.42280921,,
3805,2011-07-19 00:00:00,200 meters from Teesta Bridge towards Siliguri,rain,medium,above_road,India,Sikkim,27.05374234,88.42572376,0.0,
3806,2011-07-19 00:00:00,"Itanagar (one near Pachali power house, one near Heema Hospital, and one nearRomik Colony at P Sector)",downpour,medium,unknown,India,Arunachal Pradesh,27.1032,93.6884,3.0,
3830,2011-07-22 00:00:00,Manipur,downpour,small,unknown,India,Manipur,24.3527,94.3429,0.0,
3831,2011-07-22 00:00:00,Heibok Hills,downpour,medium,unknown,India,Manipur,24.7992,93.948,0.0,
3837,2011-07-24 12:30:00,NH 37,downpour,medium,unknown,India,Assam,26.5836,93.0038,0.0,
3840,2011-07-25 00:00:00,Manipur,downpour,medium,unknown,India,Manipur,24.6869,93.9157,0.0,
3860,2011-07-29 00:00:00,"Maram, Manipur",rain,medium,unknown,India,Nagaland,25.4192,94.108,0.0,
3881,2011-08-05 00:00:00,Itanagar,downpour,medium,unknown,India,Arunachal Pradesh,27.1034,93.6885,0.0,
3912,2011-08-12 00:00:00,East Kameng district in Arunachal Pradesh bordering China,rain,medium,unknown,India,Arunachal Pradesh,27.44,92.2833,0.0,
3916,2011-08-13 08:00:00,"Chumukedima, Dimapur",downpour,medium,unknown,India,Assam,25.7713,93.8067,0.0,
3925,2011-08-15 00:00:00,"East Kameng, Arunachal Pradesh",downpour,medium,unknown,India,Arunachal Pradesh,27.4888,93.0153,0.0,
3927,2011-08-16 08:00:00,"Garo Hills, Tura",downpour,medium,unknown,India,Meghalaya,25.5144,90.2167,6.0,
3932,2011-08-18 00:00:00, Botsa  and Chiechama,monsoon,medium,unknown,India,Nagaland,25.83,94.13,0.0,
3965,2011-09-06 08:00:00,NH 37 at Awang Khul ,rain,medium,unknown,India,Assam,24.808,93.117,3.0,
3983,2011-09-23 00:00:00,"Maighuli, Guwahati, Meghalaya",downpour,large,unknown,India,Assam,26.1548,91.7351,4.0,
4241,2012-03-04 00:00:00,Tamei constituency in Tamenlong district,unknown,medium,unknown,India,Manipur,25.1604,93.6795,0.0,
4313,2012-04-08 00:00:00,"Endulin Nallah, Mayodia, 17-camp, 83-camp",downpour,medium,unknown,India,Arunachal Pradesh,28.4659,95.86,0.0,
4378,2012-06-02 00:00:00,"Arunachal Pradesh, Dibang,",downpour,medium,unknown,India,Arunachal Pradesh,28.8254,96.1517,,
4377,2012-06-02 00:00:00,"Guwahati, Assam",downpour,large,unknown,India,Assam,26.1475,91.7356,,
4382,2012-06-03 00:00:00," between Harangajao and Mailongdisa, Assa,",downpour,medium,unknown,India,Assam,25.1175,92.8573,,
4383,2012-06-03 00:00:00,"between Maibang and Daotohaja, Assam",downpour,medium,unknown,India,Assam,25.3056,93.1265,,
4384,2012-06-03 00:00:00,"between Haflong and  Bagetar, Assam",downpour,medium,unknown,India,Assam,25.1775,93.0123,,
4394,2012-06-07 04:30:00,"Rolep, South Sikkim( Mapping to Rhenock 12 miles from Rolep)",rain,large,unknown,India,Sikkim,27.1748,88.6458,7.0,
4403,2012-06-10 00:00:00,"Imphal-Jiribam section of NH-37 , Manipur",downpour,very_large,unknown,India,Manipur,24.8142,93.5444,,
4407,2012-06-13 00:00:00,"NH44, Malidhor area,  Baleswar",downpour,medium,unknown,India,Assam,25.0951,92.3567,,
4408,2012-06-13 00:00:00,"NH44, Kuliang",downpour,medium,unknown,India,Meghalaya,25.5498,92.0757,,
4411,2012-06-14 04:00:00,"Tathangchen, Gangtok, Sikkim ",downpour,medium,unknown,India,Sikkim,27.339,88.6065,,
4424,2012-06-20 00:00:00,"Lalunggaon, Guwahati,  Assam",downpour,medium,unknown,India,Assam,26.149,91.7351,,
4426,2012-06-22 00:00:00,Lalunggaon near Gorchuk area,downpour,medium,unknown,India,Assam,26.1226,91.7162,3.0,
4435,2012-06-25 00:00:00,"Tirap , Arunachal Pradesh",downpour,large,unknown,India,Arunachal Pradesh,27.174,95.8011,,
4436,2012-06-25 00:00:00,"Khonsa, Arunachal Pradesh",downpour,medium,unknown,India,Arunachal Pradesh,26.9986,95.4993,,
4434,2012-06-25 18:00:00,"Sonaighuli area near Kahilipara, Guwahati City, Assam",downpour,large,unknown,India,Assam,26.1049,91.7369,1.0,
4446,2012-07-05 00:00:00,"Tuting, Upper Siang , Arunachal Pradesh",downpour,large,unknown,India,Arunachal Pradesh,28.9986,94.8885,,
4552,2012-09-14 00:00:00,"Takdah, West Bengal",downpour,medium,unknown,India,Sikkim,27.0377,88.3603,,
4556,2012-09-16 00:00:00,"Namchi to Phongla, Namchi to Melli ,Namchi to Sumbuk",downpour,medium,unknown,India,Sikkim,27.1675,88.3651,,
4570,2012-09-19 00:00:00, Arunachal Pradesh ,downpour,medium,unknown,India,Arunachal Pradesh,27.8458,95.2253,,
4610,2012-11-11 00:00:00,"Dapchhuah, Mamit, Mizoram",downpour,medium,unknown,India,Mizoram,23.7705,92.5217,4.0,
4757,2013-02-18 00:00:00,"East Siang, Arunachal Pradesh",rain,medium,unknown,India,Arunachal Pradesh,28.1193,95.1645,3.0,2.0
4798,2013-04-07 00:00:00,"Dibang Valley, Arunachal Pradesh",rain,medium,unknown,India,Arunachal Pradesh,28.8254,96.1509,,
4845,2013-05-07 00:00:00,"Kolasib, Saiha, Mizoram,",rain,medium,unknown,India,Mizoram,24.2315,92.6755,,
4848,2013-05-08 00:00:00,"Purba Simna, Tripura",rain,medium,unknown,India,Tripura,24.0896,91.4663,1.0,
4860,2013-05-11 00:00:00,"Boragaon, North Guwahati, Guwahati, Assam,",rain,medium,unknown,India,Assam,26.1016,91.6906,,
4859,2013-05-11 00:00:00,"Sarania Hills, North Guwahati, Guwahati, Assam,",rain,medium,unknown,India,Assam,26.1771,91.7599,,1.0
4858,2013-05-11 09:00:00,"Nursery, North Guwahati, Guwahati, Assam,",rain,medium,unknown,India,Assam,26.1662,91.7138,,
4857,2013-05-11 09:00:00,"Laipuitland , Aizawl, Mizoram",rain,large,unknown,India,Mizoram,23.7281,92.7175,15.0,
4861,2013-05-12 00:00:00,"Khongsang, Tamenglong, Manipur,",rain,medium,unknown,India,Assam,24.9926,93.4946,,
4892,2013-06-01 00:00:00,Upper Subansiri,downpour,large,unknown,India,Arunachal Pradesh,27.8776,94.25,,
4906,2013-06-07 00:00:00,"Helipong-Chessore Road, Nagaland",unknown,medium,unknown,India,Nagaland,26.0977,94.7499,,
4905,2013-06-07 00:00:00,"Kuthur – Huker Road Via Y Anner, Chessore, Nagaland",unknown,medium,unknown,India,Nagaland,26.0977,94.7031,,
4908,2013-06-08 17:00:00,"15 Km From Gangtok, Himalayans",downpour,medium,unknown,India,Sikkim,27.3721,88.708,0.0,
4990,2013-06-27 23:00:00,"Near Changu Lake, 15Km Away From Nathu La, On India-China Border In Eastern Sikkim",downpour,medium,unknown,India,Sikkim,27.3765,88.7628,0.0,
5005,2013-07-01 00:00:00,"Walo Ward, Mon Town, Wokha District, Nagaland",downpour,medium,unknown,India,Nagaland,26.72,95.029,0.0,
5006,2013-07-01 00:00:00,"Thillong Village, Doyang Along State Highway 1, Wokha To Merapani Road",downpour,medium,unknown,India,Nagaland,26.1147,94.3864,0.0,
5087,2013-07-12 00:00:00,"National Highway 29 Near Phesama Village, Nagaland",downpour,medium,unknown,India,Nagaland,25.6269,94.1139,0.0,
5084,2013-07-12 23:00:00,"National Highway 2 Near Phesama Village Close To Kisama Naha Heritage Site, Kohima District, Nagaland",downpour,medium,unknown,India,Nagaland,25.616,94.1167,0.0,
5107,2013-07-15 00:00:00,"National Highway 29 Near Phesama Village, Nagaland",rain,medium,unknown,India,Nagaland,25.6269,94.1139,0.0,
5123,2013-07-17 00:00:00,"National Highway 2 Near Meriema Village, 10 Km Away From Kohima",rain,medium,unknown,India,Nagaland,25.7131,94.0885,0.0,
5122,2013-07-17 00:00:00,"National Highway 29 Between Patkai Bridge And Kukidolong, Nagaland",rain,medium,unknown,India,Nagaland,25.7658,93.9413,0.0,
5250,2013-08-01 00:00:00,"Polo River At Polosang, Arunachal Pradesh",rain,medium,unknown,India,Arunachal Pradesh,27.8837,93.0515,,
5269,2013-08-04 00:00:00,"Tizu, Nagaland",continuous_rain,medium,unknown,India,Nagaland,25.8376,94.5234,,
5275,2013-08-04 00:00:00,"Suruhuto Town, Nagaland",monsoon,medium,unknown,India,Nagaland,26.1498,94.6055,,
5272,2013-08-04 00:00:00,"Longsa, Nagaland",monsoon,medium,unknown,India,Nagaland,26.2083,94.5438,,
5271,2013-08-04 00:00:00,"Nanga, Nagaland",continuous_rain,medium,unknown,India,Nagaland,26.284,94.5808,,
5268,2013-08-04 00:00:00,"Zunheboto, Nagaland",continuous_rain,medium,unknown,India,Nagaland,26.0137,94.5163,,
5270,2013-08-04 00:00:00,"Phizo, Nagaland",continuous_rain,medium,unknown,India,Nagaland,26.0481,94.4619,,
5274,2013-08-04 00:00:00,"Suruhuto Town, Nagaland",rain,medium,unknown,India,Nagaland,26.0838,94.564,,
5273,2013-08-04 00:00:00,"Zhekuto, Nagaland",monsoon,medium,unknown,India,Nagaland,26.1807,94.5497,,
5300,2013-08-09 00:00:00,"Senapati, Manipur",downpour,large,unknown,India,Nagaland,25.318,94.0441,,
5312,2013-08-11 23:00:00,Kangtsung Village,downpour,very_large,unknown,India,Assam,26.7103,94.693,0.0,
5427,2013-08-15 00:00:00,"Koide Government High School, Senapati, Manipur",downpour,medium,unknown,India,Nagaland,25.3833,94.1884,,
5337,2013-08-16 00:00:00,"Yakshu, Nagaland",rain,medium,unknown,India,Nagaland,26.4205,94.9731,,
5338,2013-08-16 00:00:00,"Longlem, Nagaland",rain,medium,unknown,India,Assam,26.8727,94.9275,,
5336,2013-08-16 00:00:00,"Tobu, Nagaland",rain,medium,unknown,India,Nagaland,26.3897,94.9439,,
5343,2013-08-17 23:00:00,The Imphal-Jiribam Section Of Nh-37 In Tamenglong District,continuous_rain,medium,unknown,India,Assam,24.7625,93.4341,,
5421,2013-08-30 00:00:00,"Yakshu, Nagaland",unknown,medium,unknown,India,Nagaland,26.4205,94.9731,,
5430,2013-09-01 00:00:00,"Tamenglong- Khongsang Road, Manipur",continuous_rain,medium,unknown,India,Manipur,24.9037,93.487,0.0,
5431,2013-09-01 00:00:00,"Tamenglong, Manipur",continuous_rain,medium,unknown,India,Assam,24.9829,93.5063,0.0,
5429,2013-09-01 18:00:00,Tamabong Village In Sikkim State,downpour,medium,unknown,India,Sikkim,27.3425,88.2426,5.0,
5442,2013-09-02 00:00:00,Arunachal Pradesh,downpour,large,unknown,India,Arunachal Pradesh,27.1614,93.7525,,
5441,2013-09-02 00:00:00,"Gosang Village Under Jengging Circle, Arunachal Pradesh",downpour,large,unknown,India,Arunachal Pradesh,28.611,94.9829,,
5476,2013-09-07 15:00:00,14 Milestone Of J N Marg Near Kyangnosola (East Sikkim),rain,medium,unknown,India,Sikkim,27.3736,88.7323,0.0,
5552,2013-09-24 00:00:00,"Ukhrul, Manipur",unknown,medium,unknown,India,Manipur,25.0985,94.3619,,
5575,2013-10-05 23:00:00,"Chiechama, Nagaland",continuous_rain,medium,unknown,India,Nagaland,25.8266,94.1497,0.0,
5584,2013-10-06 00:00:00,"Nilachal Hill, Guwahati, Assam",downpour,medium,unknown,India,Assam,26.1665,91.7049,0.0,
5582,2013-10-06 12:45:00,"Batahguli, Guwahati, Assam",downpour,medium,unknown,India,Assam,26.1309,91.8383,1.0,
5603,2013-10-13 19:30:00,"Tusom, Manipur",downpour,medium,unknown,India,Manipur,25.426,94.6024,0.0,
6015,2014-05-08 00:00:00,Lohit District of Arunachal Pradesh,rain,medium,above_road,India,Arunachal Pradesh,27.9032,96.174,0.0,0.0
6016,2014-05-09 23:00:00,"Satgarakul Village, Karimganj, Assam State",rain,small,unknown,India,Assam,24.8669,92.3576,7.0,0.0
6105,2014-06-26 23:00:00,Arunachal Pradesh,continuous_rain,medium,above_road,India,Arunachal Pradesh,28.9205,95.3429,0.0,0.0
6106,2014-06-26 23:00:00,Narakasur,continuous_rain,small,unknown,India,Assam,26.1407,91.7645,3.0,0.0
6107,2014-06-26 23:00:00,Bamunimaidam,continuous_rain,small,unknown,India,Assam,26.1844,91.7896,1.0,0.0
6110,2014-06-27 00:00:00,"Bhangagarh, Assam",rain,small,unknown,India,Assam,26.1619,91.7697,3.0,0.0
6112,2014-06-28 09:00:00,"Kharghuli Hills, Assam",rain,medium,unknown,India,Assam,26.1964,91.7652,0.0,0.0
6143,2014-07-14 18:00:00,"Zembabawk, Aizawl",downpour,medium,unknown,India,Mizoram,23.7327,92.7463,1.0,2.0
6513,2014-08-14 23:00:00,Sabroom,downpour,medium,unknown,India,Tripura,23.0137,91.7174,3.0,0.0
6200,2014-08-17 00:00:00,Arunachal Pradesh/Itanagar,downpour,large,unknown,India,Arunachal Pradesh,27.0869,93.6086,0.0,0.0
6331,2014-09-08 00:00:00,Kiphire-Seyochung road near Yangzitong village,unknown,medium,unknown,India,Nagaland,25.9466,94.6279,0.0,0.0
6291,2014-09-21 00:00:00,National Highway 51,continuous_rain,large,unknown,India,Meghalaya,25.7354,90.3852,0.0,0.0
6286,2014-09-22 00:00:00,Garchuk,rain,small,unknown,India,Assam,26.1044,91.7082,0.0,0.0
6282,2014-09-22 00:00:00,Lalmati,rain,small,urban,India,Assam,26.1097,91.7747,1.0,0.0
6287,2014-09-22 00:00:00,Dhirenpara,rain,small,unknown,India,Assam,26.1295,91.7056,0.0,0.0
6289,2014-09-22 00:00:00,Pamohi,rain,small,unknown,India,Assam,26.1001,91.6849,0.0,0.0
6283,2014-09-22 00:00:00,Dakhingaon,rain,small,unknown,India,Assam,26.1314,91.7548,0.0,0.0
6285,2014-09-22 00:00:00,VIP Road,rain,small,above_road,India,Assam,26.159,91.8178,0.0,0.0
6288,2014-09-22 00:00:00,Noonmati,rain,small,unknown,India,Assam,26.1985,91.7998,0.0,0.0
6284,2014-09-22 00:00:00,Batahghuli,rain,small,unknown,India,Assam,26.1324,91.8342,0.0,1.0
6292,2014-09-23 00:00:00,Hatsingimari,continuous_rain,small,unknown,India,Assam,25.7238,89.9032,1.0,0.0
6290,2014-09-23 03:00:00,Mawbah under Mawprem area,continuous_rain,small,urban,India,Meghalaya,25.5772,91.8666,8.0,1.0
6213,2014-09-24 00:00:00,Meghalaya,continuous_rain,large,unknown,India,Meghalaya,25.8143,90.5763,0.0,0.0
6222,2014-10-01 11:00:00,Karsingsa block point,unknown,small,above_road,India,Arunachal Pradesh,27.1249,93.7706,5.0,0.0
6214,2014-10-05 17:45:00,Jorabat-Umiam route,rain,medium,above_road,India,Meghalaya,25.9702,91.8587,1.0,0.0
6293,2014-10-20 00:00:00,South West Garo Hills,rain,medium,unknown,India,Meghalaya,25.5006,90.0896,6.0,0.0
6775,2015-02-14 00:00:00,Kailashpur hill,mining,small,mine,India,Assam,26.1468,91.6469,1.0,2.0
6786,2015-02-19 23:00:00,"Hailākāndi : Two labourers died while another was injured in a landslide in Assam's Hailakandi district, the police said today.",mining,medium,mine,India,Assam,24.6108,92.562,2.0,1.0
7591,2015-03-19 00:00:00,Ratacherra,rain,small,unknown,India,Assam,25.0318,92.4584,0.0,0.0
7031,2015-05-24 00:00:00,"Bop, Sikkim",unknown,medium,above_road,India,Sikkim,27.6163,88.6586,0.0,0.0
6971,2015-06-09 00:00:00,"Itanagar, Arunachal Pradesh",continuous_rain,medium,above_road,India,Arunachal Pradesh,27.0987,93.816,2.0,2.0
6968,2015-06-13 00:00:00,"Ratacherra village along the NH-44 connecting to Barak Valley in Assam and Tripura, Meghalaya, Mizoramon",continuous_rain,medium,unknown,India,Meghalaya,25.463,92.2121,4.0,2.0
6970,2015-06-16 00:00:00,Akonggre,downpour,small,above_road,India,Meghalaya,25.5084,90.2191,1.0,0.0
6969,2015-06-16 06:15:00,"Nakham Bazaar, Tura, Meghalaya",downpour,medium,urban,India,Meghalaya,25.5114,90.215,4.0,0.0
6945,2015-06-19 00:00:00,"amei to Kangpokpi via Imphal road, 0.5 km from Tamei, Tamenglang District",monsoon,medium,above_road,India,Manipur,25.16,93.686,0.0,0.0
6963,2015-06-19 00:00:00,"Muanna locality, Mizoram",rain,medium,natural_slope,India,Mizoram,23.7131,92.7362,0.0,0.0
6990,2015-06-24 00:00:00,"New Land (""""New Colony"""")",continuous_rain,medium,above_road,India,Nagaland,26.0319,94.5466,0.0,0.0
7138,2015-07-07 00:00:00,"NH-10, Sepi Jhora, Kalimpong",continuous_rain,small,above_road,India,Sikkim,27.0816,88.4397,0.0,0.0
7214,2015-07-15 08:00:00,Type-IV Colony of Seppa in East Kameng,monsoon,medium,urban,India,Arunachal Pradesh,27.36,93.0385,3.0,0.0
7265,2015-07-22 00:00:00,Willong-Yangkhullen stretch,continuous_rain,medium,above_road,India,Manipur,25.5007,93.9854,0.0,0.0
7253,2015-07-22 00:00:00,Lakhipur,continuous_rain,medium,urban,India,Assam,24.7979,92.9974,5.0,0.0
7267,2015-07-22 00:00:00,NH-2 between Senapati and Mao,continuous_rain,small,above_road,India,Manipur,25.3908,94.0926,0.0,0.0
7264,2015-07-22 00:00:00,22 kms to 30 kms between Sangkungmai and Willong,continuous_rain,medium,above_road,India,Manipur,25.4538,93.9827,0.0,0.0
7263,2015-07-22 00:00:00,"15 kms from Maram, National Highway-102/A (Maram Peren road)",continuous_rain,medium,above_road,India,Manipur,25.4477,94.0489,0.0,0.0
7266,2015-07-22 00:00:00,Yangkhullen-Tamphung road till Nagaland border,continuous_rain,medium,above_road,India,Manipur,25.5098,93.8794,0.0,0.0
7279,2015-07-24 00:00:00,Tamenglong Ward No-IV,monsoon,medium,other,India,Manipur,24.9818,93.5142,0.0,0.0
7276,2015-07-25 09:00:00,"Dispur : According to report, a huge hillock slipped into the house after heavy rain where Dinesh Bodo along with his wife and daughter lived in. Thi*",continuous_rain,medium,natural_slope,India,Assam,26.1062,91.8717,2.0,0.0
7364,2015-07-31 09:00:00,Phungyar road,continuous_rain,medium,below_road,India,Manipur,24.819,94.3551,0.0,0.0
7372,2015-07-31 23:00:00,Naga Gate along the Ukhrul-Imphal route,continuous_rain,medium,above_road,India,Manipur,25.0634,94.3415,0.0,0.0
7389,2015-08-01 00:00:00,between Bongyang and Lokchao along the Imphal-Moreh highway,continuous_rain,medium,above_road,India,Manipur,24.4072,94.0644,0.0,0.0
7371,2015-08-01 00:00:00,near S Lamphei Lamkhai and Sehlon village,continuous_rain,medium,unknown,India,Manipur,23.9939,94.0573,0.0,0.0
7374,2015-08-01 00:00:00,Ukhrul town Circular road from Rayotang to Viewland Zone II,continuous_rain,medium,below_road,India,Manipur,25.1122,94.3591,0.0,0.0
7385,2015-08-01 00:00:00,"Holenjang, Chandel district",continuous_rain,medium,unknown,India,Manipur,24.004,93.9815,0.0,0.0
7369,2015-08-01 00:00:00,between Chalong and Paraolon,continuous_rain,medium,above_road,India,Manipur,24.1988,94.1016,0.0,0.0
7373,2015-08-01 00:00:00,between Maku village and Kamjong sub division,continuous_rain,medium,above_road,India,Manipur,24.9111,94.4759,,
7390,2015-08-01 00:00:00,between Tengnoupal-Sita junction and Tengnoupal Power Sub-Station,continuous_rain,medium,above_road,India,Manipur,24.4265,94.1913,0.0,0.0
7384,2015-08-01 00:00:00,"Wayang, Khengjoi",rain,medium,unknown,India,Manipur,23.9278,94.0906,0.0,0.0
7375,2015-08-01 00:00:00,Ukhrul NH 201-Jessami road,continuous_rain,medium,above_road,India,Manipur,25.1941,94.4481,0.0,0.0
7370,2015-08-01 00:00:00,between Moltuk to New Songjang village,continuous_rain,medium,above_road,India,Manipur,24.1419,94.1078,0.0,0.0
7910,2015-08-01 00:00:00,Chandel,unknown,medium,above_road,India,Manipur,24.3481,94.1146,0.0,0.0
7383,2015-08-01 00:00:00,"Tuitung village, Khengjoi",rain,medium,unknown,India,Manipur,23.899,94.1434,0.0,0.0
7388,2015-08-01 00:00:00,Senam,continuous_rain,medium,unknown,India,Manipur,24.416,94.0984,0.0,0.0
7387,2015-08-01 00:00:00,Imphal-Ukhrul road,continuous_rain,small,below_road,India,Manipur,24.954,94.2156,0.0,0.0
7409,2015-08-02 00:00:00,Meluri Sub-Division in Phek District of Nagaland,continuous_rain,medium,unknown,India,Nagaland,25.72,94.6219,0.0,0.0
7664,2015-08-11 00:00:00,Nungba,continuous_rain,medium,unknown,India,Manipur,24.7459,93.4251,0.0,0.0
7666,2015-08-11 00:00:00,Tousem,continuous_rain,medium,unknown,India,Manipur,25.1019,93.3729,0.0,0.0
7665,2015-08-11 00:00:00,Khoupum,continuous_rain,medium,unknown,India,Manipur,24.7016,93.5291,0.0,0.0
7660,2015-08-12 00:00:00,Phesama village,continuous_rain,medium,below_road,India,Nagaland,25.6237,94.1136,0.0,0.0
7887,2015-08-16 00:00:00,Hawai,continuous_rain,medium,above_road,India,Arunachal Pradesh,27.8835,96.9262,0.0,0.0
7334,2015-08-18 00:00:00,Arunachal Pradesh,unknown,medium,unknown,India,Arunachal Pradesh,28.1737,94.7596,1.0,0.0
7335,2015-08-18 09:00:00,Tura Civil Hospital,continuous_rain,medium,urban,India,Meghalaya,25.5145,90.2023,0.0,0.0
7699,2015-08-19 00:00:00,Zunheboto district,continuous_rain,medium,unknown,India,Nagaland,26.0214,94.5224,0.0,0.0
7706,2015-08-19 00:00:00,National Highway at Kuliang,rain,medium,above_road,India,Meghalaya,25.0728,92.3636,0.0,0.0
7590,2015-08-19 00:00:00,Tongseng,rain,small,unknown,India,Meghalaya,25.1416,92.3807,0.0,0.0
7589,2015-08-19 00:00:00,National Highway 44,rain,medium,above_road,India,Meghalaya,25.2568,92.3825,0.0,0.0
7336,2015-08-19 09:00:00,NH-62 at Sibbari,continuous_rain,medium,above_road,India,Meghalaya,25.2193,90.5549,0.0,0.0
7701,2015-08-19 15:00:00,Phesama,continuous_rain,medium,above_road,India,Nagaland,25.6278,94.1051,0.0,0.0
7727,2015-08-20 18:00:00,between Phesama and Kuima in Nagaland,continuous_rain,medium,below_road,India,Nagaland,25.6263,94.1057,0.0,0.0
7728,2015-08-22 09:00:00,Natonal Highway in Jorabat area,continuous_rain,medium,above_road,India,Assam,26.1028,91.8806,0.0,0.0
7780,2015-08-26 00:00:00,Sailam village,continuous_rain,medium,above_road,India,Mizoram,23.3572,92.7878,1.0,0.0
7778,2015-08-26 00:00:00,Phullen’s main road,continuous_rain,medium,above_road,India,Mizoram,23.8447,93.0514,0.0,0.0
7836,2015-08-27 00:00:00,"National Highway 54, at Kawnpui town",downpour,medium,above_road,India,Mizoram,24.042,92.6724,0.0,0.0
7837,2015-08-27 00:00:00,three graveyards within Aizawl,downpour,medium,urban,India,Mizoram,23.7269,92.7265,0.0,0.0
7972,2015-08-28 01:45:00,"Mizoram, India",downpour,large,unknown,India,Mizoram,23.4495,92.8112,0.0,0.0
7933,2015-09-01 00:00:00,Maligaon,rain,medium,unknown,India,Assam,26.1868,91.6739,2.0,0.0
7923,2015-09-01 00:00:00,Amingaon,rain,medium,unknown,India,Assam,26.49349035,91.72137514,2.0,0.0
7956,2015-09-05 00:00:00,Byrnihat,unknown,medium,above_road,India,Meghalaya,26.048,91.8695,0.0,0.0
8012,2015-09-06 15:00:00,"Umling, Meghalaya 793102, India",unknown,medium,above_road,India,Meghalaya,25.9703,91.8584,0.0,0.0
8224,2015-09-14 01:30:00,"Aizawl, Mizoram, India",downpour,medium,above_road,India,Mizoram,23.7313,92.7187,0.0,0.0
8223,2015-09-14 03:10:00,"Aizawl, Mizoram, India",downpour,large,above_road,India,Mizoram,23.7348,92.7187,0.0,0.0
8339,2015-09-23 00:00:00,Kamakhya Temple,continuous_rain,medium,above_road,India,Assam,26.1666,91.7042,0.0,0.0
8366,2015-09-23 15:00:00,"Shillong, Meghalaya, India",downpour,medium,natural_slope,India,Meghalaya,25.583,91.893,2.0,1.0
9405,2016-04-19 00:00:00,"Techahan Ward, Mon, Nagaland, India",continuous_rain,medium,unknown,India,Nagaland,26.7223,95.0243,0.0,0.0
7655,2016-04-22 02:30:00,"Tawang, Arunachal Pradesh",continuous_rain,medium,above_road,India,Arunachal Pradesh,27.5799,91.8569,17.0,0.0
9404,2016-05-01 00:00:00,"Hayuliang, Anjaw district,Arunachal Pradesh, India",downpour,medium,above_road,India,Arunachal Pradesh,28.0822,96.5316,0.0,0.0
9338,2016-05-18 08:00:00,"Sonachirra, Karimganj district, Assam, India",continuous_rain,medium,natural_slope,India,Assam,24.4638,92.4943,5.0,0.0
9335,2016-05-18 08:00:00,"Bilaipur, Hailakandi district, Assam, India",continuous_rain,unknown,unknown,India,Assam,24.5202,92.7239,2.0,0.0
9336,2016-05-18 08:00:00,"Ramchandi , Hailakandi District, Assam, India",continuous_rain,small,unknown,India,Assam,24.5308,92.5121,1.0,0.0
9334,2016-05-18 08:00:00,"Bilaipur, Hailakandi district, Assam, India",continuous_rain,unknown,unknown,India,Assam,24.5204,92.7264,2.0,0.0
9169,2016-06-12 00:00:00,"on road between Mon and Tobu near Telangsao Hydro project , Nagaland, India",continuous_rain,unknown,above_road,India,Nagaland,26.1677,94.2442,0.0,0.0
9168,2016-06-12 23:00:00,"NH 13 10 kilometers from Old Ziro, Arunachal Pradesh, India",downpour,medium,above_road,India,Arunachal Pradesh,27.6438,93.871,0.0,0.0
9142,2016-06-14 08:00:00,"lower Majakong Ward, Mokokchung, Nagaland, India",continuous_rain,medium,retaining_wall,India,Nagaland,26.3185,94.5247,0.0,0.0
8222,2016-06-22 12:00:00,"Piyali Phukan Nagar, Guwahati, India",downpour,medium,natural_slope,India,Assam,26.1961,91.7825,1.0,0.0
8237,2016-07-01 00:00:00,"Old Inspection Bungalow, Bhalukpong town, West Kameng, Arunachal Pradesh, India",downpour,large,unknown,India,Arunachal Pradesh,27.0136,92.6351,5.0,3.0
8684,2016-07-07 00:00:00,"Kamrup district, Assam, India",continuous_rain,medium,retaining_wall,India,Assam,25.9611,91.3681,2.0,2.0
8900,2016-07-07 00:00:00,"Imphal-Ukhrul sector of National Highway 102, Manipur, India",monsoon,large,above_road,India,Manipur,25.0118,94.3136,0.0,0.0
8901,2016-07-10 00:00:00,"National Highway 2, near Kohima, Nagaland, India",downpour,medium,above_road,India,Nagaland,25.7902,94.1318,0.0,0.0
8930,2016-07-11 23:00:00,"North Point Colony, Akuluto, Nagaland, India",unknown,large,unknown,India,Nagaland,26.1699,94.4922,0.0,0.0
8996,2016-07-14 00:00:00,"Pub Sarania hill, South Sarania, Guwahati, Assam, India",monsoon,small,natural_slope,India,Assam,26.1768,91.7702,1.0,0.0
8995,2016-07-14 00:00:00,"Noonmati Nijarapar area of the city, Guwahati, Assam, India",monsoon,small,unknown,India,Assam,26.1963,91.8074,1.0,0.0
9010,2016-07-16 00:00:00,"Hoj-Potin Highway, Arunachal Pradesh, India",downpour,medium,above_road,India,Arunachal Pradesh,27.3034,93.804,1.0,0.0
9124,2016-07-19 00:00:00,"Rongthragittim Songittal village, near Sibbari, South Garo Hills District, Meghalaya, India",continuous_rain,large,natural_slope,India,Meghalaya,25.203,90.5573,0.0,0.0
9087,2016-07-19 00:00:00,"5 km off Sangam point on Aalo- Pangin road, Arunachal Pradesh, India",downpour,medium,above_road,India,Arunachal Pradesh,28.235,94.9612,0.0,0.0
9051,2016-07-19 09:00:00,"12th Mile area at Jorabat, Meghalaya, India",unknown,medium,natural_slope,India,Meghalaya,26.09748244,91.8744337,0.0,1.0
9122,2016-07-20 00:00:00,"Noonmati, Guwahati, Assam, India",rain,medium,unknown,India,Assam,26.1966,91.802,0.0,0.0
9186,2016-07-25 12:30:00,"Imphal-Dimapur road  in Tadubi, Senapati district, Manipur, India",continuous_rain,medium,above_road,India,Manipur,25.48,94.1383,0.0,1.0
9219,2016-07-26 23:00:00,"Zunheboto, Nagaland, India",downpour,medium,retaining_wall,India,Nagaland,26.0101,94.5282,0.0,0.0
9252,2016-07-28 00:00:00,"Dolma Lhakang complex, Lumla, Tawang,  Arunachal Pradesh, India",monsoon,medium,unknown,India,Arunachal Pradesh,27.5748,91.8644,0.0,0.0
9232,2016-07-28 23:00:00,"Ngur, near Mizoram-Myanmar border, India",continuous_rain,medium,unknown,India,Mizoram,23.5397,93.3783,2.0,6.0
9251,2016-07-28 23:00:00,"Government Middle School (GMS) Kiphire station “B”, Kiphire, Nagaland, India",downpour,medium,retaining_wall,India,Nagaland,25.8702,94.7844,0.0,0.0
9464,2016-08-05 00:00:00,Babrang village under Jang circle in Tawang district,downpour,medium,unknown,India,Arunachal Pradesh,27.5754,91.9754,0.0,3.0
9604,2016-10-12 00:00:00,Legship,continuous_rain,medium,above_road,India,Sikkim,27.2676,88.2891,0.0,0.0
9619,2016-10-15 00:00:00,Namchi,rain,medium,above_road,India,Sikkim,27.1695,88.3664,0.0,0.0
9620,2016-10-15 00:00:00,Rangpo,downpour,medium,above_road,India,Sikkim,27.172,88.5292,0.0,0.0
