sample_id,sample_date,state,latitude,longitude,elevation,slope,target
BG_78,2007-07-25,Sikkim,27.3383,88.6069,1516.77734375,18.41972714246763,0
BG_126,2010-04-14,Sikkim,27.1499,88.38,1099.262939453125,30.672385852359984,0
BG_130,2009-09-12,Assam,26.1699,91.7986,151.2103271484375,4.13577918414363,0
BG_141,2008-08-08,Meghalaya,25.38,91.88,1300.3878173828125,32.99055290487651,0
BG_142,2008-08-06,Meghalaya,25.5212,90.232,556.1650390625,19.016147268079386,0
BG_148,2010-05-30,Mizoram,22.479,92.967,471.984375,27.640627935520985,0
BG_147,2007-07-23,Mizoram,22.533,92.899,821.9502563476562,16.777860528156133,0
BG_211,2009-10-03,Manipur,24.9667,93.55,569.6266479492188,17.298171507895404,0
BG_213,2007-09-11,Assam,25.2946,92.8339,886.52490234375,12.510995585560348,0
BG_212,2007-07-25,Meghalaya,25.5576,91.8506,1679.0869140625,3.506681535927905,0
BG_215,2008-10-24,Nagaland,25.7428,93.9136,481.20635986328125,19.656847192333558,0
BG_220,2010-07-03,Manipur,25.1333,93.9667,1008.8310546875,1.8902889926882953,0
BG_247,2010-03-28,Manipur,25.0604,93.9877,1545.535400390625,27.625082728714503,0
BG_251,2010-04-11,Sikkim,27.1667,88.35,1156.617431640625,26.155763679159726,0
BG_252,2010-03-23,Nagaland,25.4993,94.1192,1943.063720703125,16.97108274935564,0
BG_255,2010-04-17,Manipur,24.2451,94.0691,1281.67626953125,32.74356196433509,0
BG_256,2008-08-28,Sikkim,27.3425,88.6236,2068.423583984375,27.18264405575968,0
BG_259,2007-08-23,Meghalaya,25.52,91.27,1340.175537109375,6.266121021997378,0
BG_258,2010-05-26,Manipur,24.4279,94.0564,898.5164184570312,11.152262623352774,0
BG_264,2008-08-10,Assam,26.1833,91.8,67.15460205078125,0.9249076950976995,0
BG_269,2008-08-25,Sikkim,27.2872,88.2816,574.5270385742188,15.626526291606504,0
BG_285,2008-06-10,Mizoram,24.1293,92.6921,824.6757202148438,6.062900884080862,0
BG_313,2007-09-06,Nagaland,25.7055,94.0132,1463.825439453125,14.13618926663113,0
BG_319,2010-06-16,Nagaland,25.4379,94.1162,1487.4071044921875,20.48900293213271,0
BG_322,2010-04-16,Assam,24.75,93.4333,461.7928161621094,25.876640119049227,0
BG_545,2009-08-29,Assam,24.9849,92.8411,252.45228576660156,11.623937764243202,0
BG_580,2008-06-18,Manipur,24.6596,93.9784,777.2774658203125,0.1878882055469405,0
BG_585,2010-05-09,Arunachal Pradesh,27.0998,93.6287,401.5107116699219,5.571979312221454,0
BG_587,2008-10-28,Assam,27.2298,94.0989,95.53105163574219,0.356374350353465,0
BG_594,2008-08-09,Manipur,24.9336,93.8275,1024.45947265625,15.248268472329029,0
BG_692,2008-08-11,Nagaland,25.705,94.04,1039.6583251953125,15.71904937557736,0
BG_714,2007-09-16,Assam,27.163,94.0,95.37162780761719,2.0011101266833453,0
BG_731,2007-07-25,Nagaland,26.138,94.25,1021.4805908203125,14.596117591807776,0
BG_755,2009-08-07,Sikkim,27.337,88.609,1540.588623046875,19.331761835881853,0
BG_760,2010-06-06,Nagaland,25.67,94.1066,1443.349365234375,12.454577379053319,0
BG_868,2007-07-18,Assam,26.3333,91.25,41.51915740966797,0.420143789448782,0
BG_870,2010-05-30,Arunachal Pradesh,27.4,92.35,2629.237060546875,21.131889995126638,0
BG_869,2010-05-10,Assam,27.2333,94.1167,90.57893371582031,0.7003269712488166,0
BG_1084,2007-10-12,Arunachal Pradesh,27.7,92.8,2453.18310546875,14.774098163046348,0
BG_1108,2009-08-26,Assam,24.9925,93.5,1216.565185546875,10.22053006638898,0
BG_1112,2007-08-31,Sikkim,27.1761,88.5287,298.3282775878906,5.591672252031471,0
BG_1109,2010-04-02,Assam,25.5215,93.1645,278.50848388671875,1.9523159245730848,0
BG_1125,2009-10-04,Sikkim,27.3746,88.7648,3751.0,0.0,0
BG_1127,2008-06-05,Assam,25.1718,93.123,727.5643920898438,11.923039259895303,0
BG_1129,2007-07-19,Manipur,24.8628,94.4182,889.1970825195312,29.422747902937864,0
BG_1168,2010-07-01,Sikkim,27.1954,88.6115,471.149169921875,5.601698277056357,0
BG_1222,2008-08-08,Mizoram,23.73478778,92.72124394,971.9013061523438,23.022841960788707,0
BG_1596,2010-06-08,Manipur,24.7339,93.9161,886.3097534179688,10.835882126102993,0
BG_1611,2009-09-17,Assam,25.1553,93.028,591.91650390625,21.881378314660918,0
BG_1613,2010-04-15,Arunachal Pradesh,27.8997,93.3497,879.9609375,5.926442755152011,0
BG_1756,2010-04-01,Sikkim,27.322,88.6087,1496.3751220703125,31.323918278254823,0
BG_1755,2007-09-09,Sikkim,27.3341,88.6083,1451.62548828125,20.328596105918432,0
BG_1770,2008-06-08,Assam,26.1965,91.763,90.63945007324219,2.27115786595453,0
BG_1771,2008-08-13,Assam,26.1978,91.7665,77.6644515991211,12.210024789190152,0
BG_1776,2008-08-23,Meghalaya,25.3612,92.2845,1222.7386474609375,4.764819040031327,0
BG_1775,2007-07-13,Arunachal Pradesh,27.8965,96.1779,202.17515563964844,2.27479529638357,0
BG_1857,2008-10-28,Meghalaya,25.3433,92.2897,1200.17822265625,2.938398735796884,0
BG_1930,2007-08-29,Arunachal Pradesh,28.4298,95.8776,502.77978515625,21.544862658979795,0
BG_1929,2010-03-28,Sikkim,27.3543,88.6428,2134.095947265625,25.054383921348972,0
BG_1935,2009-09-29,Tripura,23.8986,91.7599,181.64187622070312,1.1805131202252632,0
BG_1934,2010-06-15,Assam,24.6005,92.3814,94.11790466308594,13.83840385958722,0
BG_1954,2010-03-29,Manipur,24.7543,93.5039,396.5953674316406,13.541748211840213,0
BG_1961,2008-06-08,Meghalaya,25.8833,91.2,247.497314453125,19.491589022631338,0
BG_1987,2010-07-01,Assam,25.2269,93.1658,393.1159973144531,3.0695301332274156,0
BG_1986,2008-06-19,Nagaland,26.3335,94.5512,1363.6087646484375,4.783341708185375,0
BG_1994,2008-05-16,Assam,25.0633,92.8025,91.29263305664062,14.567186754597461,0
BG_1996,2010-06-10,Nagaland,26.4333,94.8833,554.3593139648438,23.682217844368374,0
BG_2026,2008-06-09,Meghalaya,25.4916,91.2698,1488.943359375,6.414230275061489,0
BG_2025,2007-07-21,Meghalaya,25.5728,91.885,1504.425537109375,5.66685744771297,0
BG_2045,2008-08-14,Nagaland,26.2363,94.8133,1546.8511962890625,12.564283462139215,0
BG_2043,2010-04-18,Nagaland,26.7225,95.0281,702.7037353515625,7.992125468794053,0
BG_2042,2007-09-07,Nagaland,26.0093,94.5238,1799.443603515625,16.4032901545723,0
BG_2044,2008-08-13,Nagaland,25.8877,94.7861,1166.9500732421875,7.294347434078479,0
BG_2098,2007-08-23,Nagaland,26.7215,95.0283,714.2728881835938,6.106729147940272,0
BG_2106,2009-09-30,Nagaland,26.8716,94.9921,279.7633361816406,9.979892896351844,0
BG_2113,2008-08-16,Sikkim,27.3773,88.559,1498.0386962890625,33.05317513133576,0
BG_2140,2008-05-18,Assam,25.0477,92.801,189.42645263671875,26.75577420982616,0
BG_2163,2007-09-17,Nagaland,25.4196,94.1054,1414.69580078125,14.839305749221632,0
BG_2166,2009-08-09,Assam,24.9786,93.5027,1306.484130859375,13.393418655617172,0
BG_2164,2009-09-15,Manipur,25.3098633,94.48214677,1546.2117919921875,25.519678540185502,0
BG_2182,2010-06-23,Manipur,24.9356,93.8443,850.3109130859375,1.8332094919872197,0
BG_2205,2008-08-07,Mizoram,23.7365,92.7146,1065.90380859375,31.085911950075296,0
BG_2243,2007-08-31,Nagaland,25.70223725,94.04619681,1015.9720458984375,14.531680037959985,0
BG_2247,2010-05-11,Nagaland,26.148,94.8422,1481.805419921875,30.80976047462523,0
BG_2248,2009-08-26,Nagaland,26.222,94.9152,1765.640869140625,25.27403957453871,0
BG_2249,2009-10-04,Nagaland,26.0814,94.803,925.2752075195312,32.56530974295045,0
BG_2253,2007-07-26,Manipur,25.31006064,94.48265093,1546.2117919921875,25.51968892599919,0
BG_2263,2007-10-21,Nagaland,26.2753,94.6654,1143.210693359375,28.852982223479387,0
BG_2283,2010-04-12,Manipur,24.8961,93.4957,1012.417236328125,18.636583800254776,0
BG_2282,2010-05-11,Nagaland,26.1984,94.8158,1882.138427734375,21.943067153560254,0
BG_2281,2008-08-06,Nagaland,25.61560252,94.11603493,1633.5904541015625,23.358494955096305,0
BG_2296,2010-04-21,Sikkim,27.167,88.3652,1474.5645751953125,23.039844428243395,0
BG_2304,2010-05-26,Nagaland,25.5718,94.1211,1622.5428466796875,3.9057655641778495,0
BG_2344,2008-06-14,Assam,24.7505,93.4221,781.7396240234375,9.566974807315239,0
BG_2343,2010-06-09,Nagaland,25.4786,94.1327,1759.3846435546875,7.744327035351294,0
BG_2345,2007-10-16,Sikkim,27.3392,88.6188,1861.66748046875,21.44115251239517,0
BG_2392,2007-09-24,Sikkim,27.3702,88.7334,3522.42529296875,6.535219698283357,0
BG_2405,2009-09-29,Arunachal Pradesh,28.3036,95.4112,1839.6605224609375,41.815359333797915,0
BG_2411,2009-08-27,Arunachal Pradesh,27.0011,93.7273,110.6159439086914,1.9715355919127064,0
BG_2415,2007-08-25,Nagaland,25.63961883,94.11112157,1498.7935791015625,15.157388265902547,0
BG_2420,2010-05-11,Mizoram,23.72988966,92.71495623,978.51220703125,26.062897299524874,0
BG_2425,2007-09-10,Mizoram,23.3439,93.0748,1318.17236328125,33.79112668118485,0
BG_2423,2010-04-21,Mizoram,23.73504471,92.71060943,932.2317504882812,20.659012683856893,0
BG_2424,2007-05-18,Mizoram,23.591,92.9296,798.7151489257812,18.41200079464293,0
BG_2426,2010-04-19,Mizoram,22.7176,92.8416,732.7857055664062,16.464160642593765,0
BG_2422,2010-04-17,Mizoram,23.74182634,92.7141905,936.4642333984375,19.250862320953264,0
BG_2421,2010-04-15,Mizoram,23.75406693,92.74128531,958.1802978515625,20.527699123499648,0
BG_2437,2009-09-14,Mizoram,23.7527,92.694,792.6718139648438,24.823055379887705,0
BG_2436,2008-08-15,Mizoram,24.3069,93.125,762.44873046875,10.614539847439515,0
BG_2539,2009-10-05,Arunachal Pradesh,28.3092,95.4149,1870.9359130859375,43.525787197009976,0
BG_2569,2007-10-13,Nagaland,25.2745,94.0212,1067.34375,6.39634218136189,0
BG_2570,2010-04-15,Manipur,24.837,93.9128,785.0609130859375,11.619486563320518,0
BG_2566,2009-08-07,Nagaland,25.4769,94.1351,1668.579345703125,18.37668842461727,0
BG_2567,2008-08-12,Manipur,25.6633,94.4703,1443.024169921875,2.1434637184377445,0
BG_2568,2008-08-25,Assam,24.7679,93.4108,516.9309692382812,23.091548593907945,0
BG_2576,2009-08-10,Nagaland,25.4788,94.1399,1651.601318359375,13.549160732280207,0
BG_2575,2007-07-12,Assam,25.5242,92.9914,150.61492919921875,12.141655563948595,0
BG_2579,2007-08-25,Nagaland,25.682,94.1076,1441.2371826171875,9.853945744354979,0
BG_2578,2007-09-25,Nagaland,25.3179,94.0462,994.1492919921875,10.430040178772437,0
BG_2577,2007-07-30,Nagaland,25.5265,93.8673,1376.55322265625,16.619607845613295,0
BG_2573,2008-08-07,Assam,25.1796,93.0083,685.9299926757812,5.579341763684745,0
BG_2574,2009-09-15,Assam,25.4749,93.1477,151.63174438476562,4.225193687616515,0
BG_2587,2009-09-12,Nagaland,25.6623,94.1072,1371.4375,12.522138111184905,0
BG_2743,2008-08-15,Arunachal Pradesh,27.5798729,91.85672387,2757.57470703125,20.957683149838523,0
BG_3269,2010-05-29,Arunachal Pradesh,28.0791,96.5242,553.9533081054688,19.473114812070424,0
BG_3525,2009-08-09,Assam,25.0672,93.4093,459.55450439453125,10.707753160884128,0
BG_3532,2007-07-22,Assam,25.0888,92.8551,244.4788360595703,11.908762603110583,0
BG_3556,2010-04-11,Manipur,25.1555,93.8474,1397.519775390625,35.33152377804599,0
BG_3560,2009-08-11,Manipur,24.8286,93.5935,710.215087890625,40.947004817434504,0
BG_3633,2009-08-27,Nagaland,26.3186,94.5121,1248.058349609375,18.335295455110646,0
BG_3637,2009-08-09,Nagaland,25.51614662,94.2341227,1650.436767578125,21.656665151294096,0
BG_3663,2009-08-06,Nagaland,25.6682,94.1099,1427.8831787109375,10.39657212947064,0
BG_3662,2007-07-25,Manipur,25.03561729,94.0144205,873.1486206054688,1.750294545261313,0
BG_3672,2009-08-07,Assam,25.5125,93.3613,319.2935791015625,9.691978037049317,0
BG_3683,2010-04-19,Nagaland,25.8782,94.1739,1341.722900390625,14.943273727794663,0
BG_3738,2007-10-19,Manipur,24.8063,93.9482,782.4737548828125,0.6791583140659632,0
BG_3741,2009-08-19,Nagaland,25.4191,94.1079,1395.17626953125,1.6594911470021607,0
BG_3760,2007-07-10,Nagaland,25.6703,94.1095,1456.5213623046875,13.07152629953388,0
BG_3776,2008-06-04,Arunachal Pradesh,27.125,93.7145,132.451416015625,0.24118245694292584,0
BG_3789,2008-08-07,Arunachal Pradesh,27.2743,92.9064,648.58837890625,14.52495726994194,0
BG_3794,2010-07-04,Sikkim,26.99195749,88.42280921,266.56561279296875,23.096728603015197,0
BG_3805,2007-09-14,Sikkim,27.05374234,88.42572376,241.2666473388672,27.94774742610518,0
BG_3806,2007-10-13,Arunachal Pradesh,27.1032,93.6884,149.3597869873047,2.8279859646188776,0
BG_3830,2008-06-19,Manipur,24.3527,94.3429,297.0299377441406,19.03597709260396,0
BG_3831,2010-07-13,Manipur,24.7992,93.948,780.68310546875,0.14261052508516836,0
BG_3837,2010-05-29,Assam,26.5836,93.0038,67.86807250976562,0.3439630355576159,0
BG_3840,2007-07-11,Manipur,24.6869,93.9157,771.7228393554688,0.051140729916964535,0
BG_3860,2007-09-18,Nagaland,25.4192,94.108,1382.6461181640625,12.27617247937858,0
BG_3881,2010-05-08,Arunachal Pradesh,27.1034,93.6885,149.3597869873047,2.827986226341885,0
BG_3912,2007-07-17,Arunachal Pradesh,27.44,92.2833,2626.048095703125,4.533004888702008,0
BG_3916,2010-05-29,Assam,25.7713,93.8067,234.64732360839844,5.9189596582994,0
BG_3925,2007-10-14,Arunachal Pradesh,27.4888,93.0153,524.2296142578125,15.519584790197257,0
BG_3927,2010-06-13,Meghalaya,25.5144,90.2167,310.52703857421875,6.289482112979202,0
BG_3932,2007-10-17,Nagaland,25.83,94.13,1015.3535766601562,9.571734414643762,0
BG_3965,2008-08-06,Assam,24.808,93.117,37.671669006347656,2.392118359366561,0
BG_3983,2009-09-13,Assam,26.1548,91.7351,54.68962478637695,0.38378243183120775,0
BG_4241,2007-08-22,Manipur,25.1604,93.6795,1093.4697265625,17.06270524562739,0
BG_4313,2009-08-07,Arunachal Pradesh,28.4659,95.86,1059.2249755859375,30.87671786487958,0
BG_4378,2008-08-25,Arunachal Pradesh,28.8254,96.1517,3591.05078125,23.540266386482926,0
BG_4377,2010-04-16,Assam,26.1475,91.7356,50.504974365234375,0.33472749572151517,0
BG_4382,2013-07-12,Assam,25.1175,92.8573,152.45416259765625,10.227860546228543,0
BG_4383,2009-09-14,Assam,25.3056,93.1265,313.8147888183594,12.8410846791168,0
BG_4384,2008-06-19,Assam,25.1775,93.0123,656.19873046875,11.69347220806168,0
BG_4394,2008-06-18,Sikkim,27.1748,88.6458,948.4487915039062,18.57108273382141,0
BG_4403,2008-08-02,Manipur,24.8142,93.5444,534.1045532226562,26.715680746098954,0
BG_4407,2010-05-06,Assam,25.0951,92.3567,236.08616638183594,25.380171854841734,0
BG_4408,2008-05-16,Meghalaya,25.5498,92.0757,1259.6912841796875,20.44507922782404,0
BG_4411,2007-09-02,Sikkim,27.339,88.6065,1518.2493896484375,21.796815794809486,0
BG_4424,2008-05-19,Assam,26.149,91.7351,51.66925048828125,0.35764534614169197,0
BG_4426,2007-05-22,Assam,26.1226,91.7162,77.5579605102539,18.559108099628173,0
BG_4435,2007-07-28,Arunachal Pradesh,27.174,95.8011,294.7779846191406,0.418461501633868,0
BG_4436,2007-07-24,Arunachal Pradesh,26.9986,95.4993,654.2726440429688,19.607662759618318,0
BG_4434,2010-04-13,Assam,26.1049,91.7369,164.45504760742188,14.978538157054373,0
BG_4446,2010-03-24,Arunachal Pradesh,28.9986,94.8885,604.846435546875,6.390122612713969,0
BG_4552,2009-10-03,Sikkim,27.0377,88.3603,1479.0753173828125,18.636959614014973,0
BG_4556,2008-08-13,Sikkim,27.1675,88.3651,1516.3795166015625,22.547196686834507,0
BG_4570,2010-03-23,Arunachal Pradesh,27.8458,95.2253,134.03646850585938,0.21383135015486207,0
BG_4610,2007-08-31,Mizoram,23.7705,92.5217,69.35420227050781,5.652485435834454,0
BG_4757,2010-06-09,Arunachal Pradesh,28.1193,95.1645,763.1484375,31.171560752083405,0
BG_4798,2008-08-24,Arunachal Pradesh,28.8254,96.1509,3630.580322265625,28.333637780888576,0
BG_4845,2010-06-22,Mizoram,24.2315,92.6755,670.7227783203125,3.8653983437020623,0
BG_4848,2007-08-29,Tripura,24.0896,91.4663,107.05660247802734,1.222178591776373,0
BG_4860,2008-08-23,Assam,26.1016,91.6906,98.29304504394531,26.776629666976444,0
BG_4859,2009-10-03,Assam,26.1771,91.7599,77.53565979003906,7.507025108973674,0
BG_4858,2008-08-23,Assam,26.1662,91.7138,121.53782653808594,23.841626475245743,0
BG_4857,2008-08-09,Mizoram,23.7281,92.7175,1079.529296875,13.377185283247423,0
BG_4861,2007-09-02,Assam,24.9926,93.4946,1136.5438232421875,7.782969512511468,0
BG_4892,2008-06-12,Arunachal Pradesh,27.8776,94.25,946.2015380859375,31.21042280258349,0
BG_4906,2007-09-24,Nagaland,26.0977,94.7499,1550.5186767578125,4.747248938887835,0
BG_4905,2007-10-19,Nagaland,26.0977,94.7031,1737.668701171875,38.75278807710344,0
BG_4908,2009-09-30,Sikkim,27.3721,88.708,3190.539306640625,27.20197115592011,0
BG_4990,2009-08-26,Sikkim,27.3765,88.7628,3763.635986328125,20.791082376448276,0
BG_5005,2009-08-20,Nagaland,26.72,95.029,688.4716186523438,9.084873558338199,0
BG_5006,2008-06-07,Nagaland,26.1147,94.3864,337.5,9.10036839414118,0
BG_5087,2010-06-27,Nagaland,25.6269,94.1139,1567.5880126953125,13.056143004552263,0
BG_5084,2007-07-24,Nagaland,25.616,94.1167,1590.478759765625,23.61126377006474,0
BG_5107,2008-05-20,Nagaland,25.6269,94.1139,1567.5880126953125,13.056143004552263,0
BG_5123,2007-08-20,Nagaland,25.7131,94.0885,1401.7059326171875,26.706150205049614,0
BG_5122,2008-05-20,Nagaland,25.7658,93.9413,833.7742309570312,36.578371858967934,0
BG_5250,2010-06-28,Arunachal Pradesh,27.8837,93.0515,1558.798828125,40.06853921050361,0
BG_5269,2008-06-09,Nagaland,25.8376,94.5234,798.6962280273438,1.1819451322000414,0
BG_5275,2010-06-11,Nagaland,26.1498,94.6055,1734.0289306640625,25.7561084178504,0
BG_5272,2008-08-23,Nagaland,26.2083,94.5438,1473.24267578125,8.41750838438602,0
BG_5271,2009-10-04,Nagaland,26.284,94.5808,711.1846923828125,23.151207535394274,0
BG_5268,2008-08-12,Nagaland,26.0137,94.5163,1720.0069580078125,15.13729611609774,0
BG_5270,2007-10-10,Nagaland,26.0481,94.4619,856.384765625,24.44985769693506,0
BG_5274,2010-04-11,Nagaland,26.0838,94.564,1821.3651123046875,16.008288765903156,0
BG_5273,2010-07-01,Nagaland,26.1807,94.5497,1658.3319091796875,30.85067419935217,0
BG_5300,2007-10-10,Nagaland,25.318,94.0441,994.168701171875,11.101210687558725,0
BG_5312,2010-04-15,Assam,26.7103,94.693,688.3138427734375,14.817900307470186,0
BG_5427,2007-09-29,Nagaland,25.3833,94.1884,1683.362060546875,19.205819423492517,0
BG_5337,2010-03-23,Nagaland,26.4205,94.9731,697.493896484375,23.066015991201162,0
BG_5338,2010-04-17,Assam,26.8727,94.9275,133.6025848388672,2.78167324195934,0
BG_5336,2008-08-10,Nagaland,26.3897,94.9439,530.5360107421875,18.547973567345885,0
BG_5343,2010-03-28,Assam,24.7625,93.4341,651.69677734375,30.152852115519796,0
BG_5421,2007-10-12,Nagaland,26.4205,94.9731,697.493896484375,23.066015991201162,0
BG_5430,2007-07-22,Manipur,24.9037,93.487,1241.159423828125,26.78419435320772,0
BG_5431,2007-07-26,Assam,24.9829,93.5063,1314.5050048828125,26.284742453783096,0
BG_5429,2008-08-09,Sikkim,27.3425,88.2426,1383.0098876953125,30.021069845177745,0
BG_5442,2010-06-10,Arunachal Pradesh,27.1614,93.7525,149.61477661132812,4.621000055076318,0
BG_5441,2007-08-23,Arunachal Pradesh,28.611,94.9829,1690.5528564453125,38.98998666263213,0
BG_5476,2008-08-11,Sikkim,27.3736,88.7323,3413.894287109375,14.258584749029566,0
BG_5552,2009-10-05,Manipur,25.0985,94.3619,1896.70556640625,2.8596250078419754,0
BG_5575,2007-09-11,Nagaland,25.8266,94.1497,1386.3798828125,20.044350296576216,0
BG_5584,2010-03-24,Assam,26.1665,91.7049,239.8996124267578,11.463749205765803,0
BG_5582,2007-10-20,Assam,26.1309,91.8383,106.21235656738281,12.837520447492777,0
BG_5603,2010-05-05,Manipur,25.426,94.6024,1345.79541015625,11.386872692468025,0
BG_6015,2009-08-12,Arunachal Pradesh,27.9032,96.174,196.5,1.1053857993002187,0
BG_6016,2008-10-28,Assam,24.8669,92.3576,18.605215072631836,0.6452582611670367,0
BG_6105,2007-09-04,Arunachal Pradesh,28.9205,95.3429,4060.471435546875,21.555826142992093,0
BG_6106,2008-08-13,Assam,26.1407,91.7645,61.375457763671875,3.254360097277563,0
BG_6107,2010-05-30,Assam,26.1844,91.7896,60.07725524902344,1.46713515742547,0
BG_6110,2007-05-21,Assam,26.1619,91.7697,54.797542572021484,0.6778497685100712,0
BG_6112,2010-04-02,Assam,26.1964,91.7652,78.09309387207031,5.571555263934756,0
BG_6143,2008-08-22,Mizoram,23.7327,92.7463,835.0313720703125,23.85270630158703,0
BG_6513,2010-03-23,Tripura,23.0137,91.7174,29.435405731201172,3.55358466081232,0
BG_6200,2009-09-14,Arunachal Pradesh,27.0869,93.6086,314.74285888671875,4.201957925005642,0
BG_6331,2008-08-05,Nagaland,25.9466,94.6279,1376.4241943359375,31.43488369834322,0
BG_6291,2007-10-21,Meghalaya,25.7354,90.3852,336.98162841796875,3.027396318561089,0
BG_6286,2009-08-25,Assam,26.1044,91.7082,53.10300064086914,0.4118657325767047,0
BG_6282,2007-08-26,Assam,26.1097,91.7747,59.16788864135742,0.3907910223987338,0
BG_6287,2009-08-14,Assam,26.1295,91.7056,144.85511779785156,5.955405865097465,0
BG_6289,2007-07-26,Assam,26.1001,91.6849,78.21826934814453,20.01523238055724,0
BG_6283,2009-08-30,Assam,26.1314,91.7548,73.79217529296875,3.271298556575069,0
BG_6285,2009-08-25,Assam,26.159,91.8178,68.1056137084961,9.441845618869186,0
BG_6288,2007-07-23,Assam,26.1985,91.7998,78.13919067382812,9.3130438737423,0
BG_6284,2010-04-02,Assam,26.1324,91.8342,70.63053894042969,5.33857295571748,0
BG_6292,2008-08-02,Assam,25.7238,89.9032,36.08806610107422,5.077594454600511,0
BG_6290,2010-04-17,Meghalaya,25.5772,91.8666,1469.179931640625,4.850323033330765,0
BG_6213,2007-07-13,Meghalaya,25.8143,90.5763,59.0,1.284541405990802,0
BG_6222,2007-09-05,Arunachal Pradesh,27.1249,93.7706,155.3608856201172,18.891500323978526,0
BG_6214,2008-08-23,Meghalaya,25.9702,91.8587,282.1637878417969,12.26083445456824,0
BG_6293,2007-09-07,Meghalaya,25.5006,90.0896,44.06074142456055,1.843003171698103,0
BG_6775,2008-05-18,Assam,26.1468,91.6469,61.37715530395508,12.197117281971686,0
BG_6786,2009-09-13,Assam,24.6108,92.562,26.74592399597168,1.8579276456454064,0
BG_7591,2007-08-27,Assam,25.0318,92.4584,78.5792465209961,16.854512129156888,0
BG_7031,2009-09-17,Sikkim,27.6163,88.6586,1875.43017578125,38.902918512917935,0
BG_6971,2007-07-28,Arunachal Pradesh,27.0987,93.816,227.71990966796875,11.033658234419809,0
BG_6968,2007-09-04,Meghalaya,25.463,92.2121,1377.609130859375,1.3749903308280413,0
BG_6970,2009-08-15,Meghalaya,25.5084,90.2191,322.29132080078125,16.070522597649376,0
BG_6969,2010-04-18,Meghalaya,25.5114,90.215,305.30078125,12.793021062720015,0
BG_6945,2007-09-03,Manipur,25.16,93.686,1024.9775390625,35.615393587583235,0
BG_6963,2007-10-18,Mizoram,23.7131,92.7362,878.6339111328125,8.321373473221605,0
BG_6990,2010-06-15,Nagaland,26.0319,94.5466,1536.908935546875,39.217670311156645,0
BG_7138,2010-07-06,Sikkim,27.0816,88.4397,253.37242126464844,27.474551014785938,0
BG_7214,2009-08-14,Arunachal Pradesh,27.36,93.0385,407.9212951660156,11.736093543481376,0
BG_7265,2008-08-09,Manipur,25.5007,93.9854,1436.723876953125,24.13174514578227,0
BG_7253,2008-06-04,Assam,24.7979,92.9974,24.89543342590332,0.36082954527752503,0
BG_7267,2009-08-21,Manipur,25.3908,94.0926,1314.023193359375,9.710494841211126,0
BG_7264,2009-08-16,Manipur,25.4538,93.9827,1779.438720703125,23.91934561315618,0
BG_7263,2007-10-17,Manipur,25.4477,94.0489,1341.4984130859375,28.05951827665091,0
BG_7266,2007-05-22,Manipur,25.5098,93.8794,1642.406005859375,11.935280962582715,0
BG_7279,2007-08-28,Manipur,24.9818,93.5142,1246.028076171875,9.800555046118816,0
BG_7276,2010-06-27,Assam,26.1062,91.8717,253.56565856933594,5.281736175613449,0
BG_7364,2008-08-02,Manipur,24.819,94.3551,1615.25146484375,28.040013139423095,0
BG_7372,2008-08-18,Manipur,25.0634,94.3415,1783.8829345703125,24.052539914855245,0
BG_7389,2008-08-14,Manipur,24.4072,94.0644,1148.29443359375,28.350719567732504,0
BG_7371,2010-04-16,Manipur,23.9939,94.0573,969.0455322265625,12.07492951896979,0
BG_7374,2007-07-18,Manipur,25.1122,94.3591,1847.19091796875,11.943822935072935,0
BG_7385,2007-07-23,Manipur,24.004,93.9815,1446.16552734375,29.270360899040334,0
BG_7369,2007-10-13,Manipur,24.1988,94.1016,1384.861328125,26.114969980403732,0
BG_7373,2008-08-19,Manipur,24.9111,94.4759,1841.123779296875,24.958934743055607,0
BG_7390,2009-09-16,Manipur,24.4265,94.1913,1309.62158203125,7.454368255455166,0
BG_7384,2008-08-22,Manipur,23.9278,94.0906,938.96240234375,8.45205026779011,0
BG_7375,2008-08-08,Manipur,25.1941,94.4481,1728.680908203125,11.593168442944496,0
BG_7370,2010-06-22,Manipur,24.1419,94.1078,1147.467529296875,27.486505817919813,0
BG_7910,2007-08-31,Manipur,24.3481,94.1146,1008.185546875,4.2684334591647035,0
BG_7383,2009-08-10,Manipur,23.899,94.1434,268.95947265625,10.922792237896001,0
BG_7388,2008-10-27,Manipur,24.416,94.0984,1378.521240234375,23.012831473771392,0
BG_7387,2008-08-16,Manipur,24.954,94.2156,934.6778564453125,21.424472897043543,0
BG_7409,2010-05-05,Nagaland,25.72,94.6219,1709.866943359375,42.609595499994164,0
BG_7664,2007-10-10,Manipur,24.7459,93.4251,768.7366943359375,6.631046999248478,0
BG_7666,2010-06-26,Manipur,25.1019,93.3729,1131.4407958984375,5.636296233778962,0
BG_7665,2008-05-18,Manipur,24.7016,93.5291,663.2074584960938,13.912711943713912,0
BG_7660,2008-10-28,Nagaland,25.6237,94.1136,1621.5382080078125,27.665503809451607,0
BG_7887,2008-08-29,Arunachal Pradesh,27.8835,96.9262,940.10791015625,33.702819331621505,0
BG_7334,2010-05-28,Arunachal Pradesh,28.1737,94.7596,571.4259643554688,24.98198610672103,0
BG_7335,2008-08-07,Meghalaya,25.5145,90.2023,311.16912841796875,4.43499521787357,0
BG_7699,2007-10-15,Nagaland,26.0214,94.5224,1628.211669921875,20.474082598604717,0
BG_7706,2007-05-22,Meghalaya,25.0728,92.3636,122.84965515136719,9.820887733821854,0
BG_7590,2008-06-08,Meghalaya,25.1416,92.3807,159.40928649902344,12.575199124048696,0
BG_7589,2010-05-09,Meghalaya,25.2568,92.3825,794.41455078125,6.727094186871973,0
BG_7336,2007-05-19,Meghalaya,25.2193,90.5549,277.8585205078125,1.8603991867413665,0
BG_7701,2010-06-08,Nagaland,25.6278,94.1051,1525.7447509765625,19.746458014881537,0
BG_7727,2008-10-27,Nagaland,25.6263,94.1057,1511.099609375,11.936398993320072,0
BG_7728,2007-08-26,Assam,26.1028,91.8806,114.29768371582031,10.73547932613818,0
BG_7780,2007-10-19,Mizoram,23.3572,92.7878,1371.5789794921875,9.810149264654664,0
BG_7778,2009-08-06,Mizoram,23.8447,93.0514,1108.8853759765625,30.750773627027087,0
BG_7836,2008-05-14,Mizoram,24.042,92.6724,804.421142578125,9.180864222593245,0
BG_7837,2007-07-29,Mizoram,23.7269,92.7265,833.5170288085938,24.943104782359732,0
BG_7972,2009-09-14,Mizoram,23.4495,92.8112,888.5426635742188,23.46644991811814,0
BG_7933,2009-09-16,Assam,26.1868,91.6739,50.399925231933594,1.428382673409083,0
BG_7923,2007-08-20,Assam,26.49349035,91.72137514,59.33340072631836,1.0563652642831514,0
BG_7956,2007-10-14,Meghalaya,26.048,91.8695,84.52579498291016,9.900337388986658,0
BG_8012,2007-09-25,Meghalaya,25.9703,91.8584,282.1637878417969,12.26083739736926,0
BG_8224,2009-09-13,Mizoram,23.7313,92.7187,1039.2362060546875,21.870021772581907,0
BG_8223,2010-03-26,Mizoram,23.7348,92.7187,1042.5274658203125,16.10131059588318,0
BG_8339,2010-03-25,Assam,26.1666,91.7042,230.763427734375,11.918074219353304,0
BG_8366,2010-06-23,Meghalaya,25.583,91.893,1449.671630859375,2.838949558798675,0
BG_9405,2010-04-12,Nagaland,26.7223,95.0243,691.5819091796875,10.965793367646125,0
BG_7655,2008-05-15,Arunachal Pradesh,27.5799,91.8569,2757.57470703125,20.95768702255558,0
BG_9404,2007-07-29,Arunachal Pradesh,28.0822,96.5316,589.3150634765625,23.791217811667593,0
BG_9338,2009-08-22,Assam,24.4638,92.4943,90.42581939697266,10.65213959040596,0
BG_9335,2010-06-13,Assam,24.5202,92.7239,41.02753448486328,0.25625340735079677,0
BG_9336,2010-07-02,Assam,24.5308,92.5121,63.20732879638672,7.517748358294214,0
BG_9334,2007-09-17,Assam,24.5204,92.7264,40.06278610229492,1.026069248388156,0
BG_9169,2007-09-23,Nagaland,26.1677,94.2442,772.8440551757812,24.210313580177193,0
BG_9168,2007-07-12,Arunachal Pradesh,27.6438,93.871,1681.67431640625,29.065501571281814,0
BG_9142,2007-08-26,Nagaland,26.3185,94.5247,1163.855224609375,15.018292493195535,0
BG_8222,2009-08-06,Assam,26.1961,91.7825,121.48150634765625,8.727442753885507,0
BG_8237,2008-10-28,Arunachal Pradesh,27.0136,92.6351,227.06201171875,5.674161210559469,0
BG_8684,2008-06-10,Assam,25.9611,91.3681,182.27566528320312,5.468814319448606,0
BG_8900,2007-10-21,Manipur,25.0118,94.3136,1396.9189453125,5.34766202597846,0
BG_8901,2010-05-10,Nagaland,25.7902,94.1318,1287.954345703125,10.50878419435934,0
BG_8930,2008-08-12,Nagaland,26.1699,94.4922,1170.26123046875,24.523499824822416,0
BG_8996,2010-05-05,Assam,26.1768,91.7702,103.41690826416016,27.42554177065104,0
BG_8995,2010-06-30,Assam,26.1963,91.8074,174.58441162109375,9.031282163474472,0
BG_9010,2008-05-15,Arunachal Pradesh,27.3034,93.804,718.2056274414062,29.575088799484067,0
BG_9124,2007-09-11,Meghalaya,25.203,90.5573,155.75831604003906,15.37083102995034,0
BG_9087,2010-06-26,Arunachal Pradesh,28.235,94.9612,315.595458984375,35.9698822381822,0
BG_9051,2009-08-27,Meghalaya,26.09748244,91.8744337,187.9982452392578,20.570919700468657,0
BG_9122,2007-10-16,Assam,26.1966,91.802,106.73609924316406,13.744275943878716,0
BG_9186,2009-08-24,Manipur,25.48,94.1383,1701.8209228515625,16.968531912423273,0
BG_9219,2008-08-28,Nagaland,26.0101,94.5282,1709.053466796875,17.101604926755293,0
BG_9252,2010-06-11,Arunachal Pradesh,27.5748,91.8644,2694.739013671875,12.407464929239795,0
BG_9232,2007-09-28,Mizoram,23.5397,93.3783,1574.5465087890625,14.23567084005989,0
BG_9251,2010-07-06,Nagaland,25.8702,94.7844,1134.852783203125,9.371832084865707,0
BG_9464,2010-06-22,Arunachal Pradesh,27.5754,91.9754,2423.933349609375,26.203739985039928,0
BG_9604,2007-09-05,Sikkim,27.2676,88.2891,601.9652709960938,45.765578942957816,0
BG_9619,2007-08-31,Sikkim,27.1695,88.3664,1571.5709228515625,23.620191158849284,0
BG_9620,2008-10-25,Sikkim,27.172,88.5292,356.3497314453125,25.215718411958875,0
