event_id,event_date,state,latitude,longitude,rainfall_1d_date,rainfall_3d_start,rainfall_7d_start
78,2007-05-23 00:00:00,Sikkim,27.3383,88.6069,2007-05-23 00:00:00,2007-05-21 00:00:00,2007-05-17 00:00:00
126,2007-07-16 00:00:00,Sikkim,27.1499,88.38,2007-07-16 00:00:00,2007-07-14 00:00:00,2007-07-10 00:00:00
130,2007-07-19 00:00:00,Assam,26.1699,91.7986,2007-07-19 00:00:00,2007-07-17 00:00:00,2007-07-13 00:00:00
141,2007-07-26 00:00:00,Meghalaya,25.38,91.88,2007-07-26 00:00:00,2007-07-24 00:00:00,2007-07-20 00:00:00
142,2007-07-27 00:00:00,Meghalaya,25.5212,90.232,2007-07-27 00:00:00,2007-07-25 00:00:00,2007-07-21 00:00:00
148,2007-07-30 00:00:00,Mizoram,22.479,92.967,2007-07-30 00:00:00,2007-07-28 00:00:00,2007-07-24 00:00:00
147,2007-07-30 00:00:00,Mizoram,22.533,92.899,2007-07-30 00:00:00,2007-07-28 00:00:00,2007-07-24 00:00:00
211,2007-08-26 00:00:00,Manipur,24.9667,93.55,2007-08-26 00:00:00,2007-08-24 00:00:00,2007-08-20 00:00:00
213,2007-08-26 00:00:00,Assam,25.2946,92.8339,2007-08-26 00:00:00,2007-08-24 00:00:00,2007-08-20 00:00:00
212,2007-08-26 00:00:00,Meghalaya,25.5576,91.8506,2007-08-26 00:00:00,2007-08-24 00:00:00,2007-08-20 00:00:00
215,2007-08-28 00:00:00,Nagaland,25.7428,93.9136,2007-08-28 00:00:00,2007-08-26 00:00:00,2007-08-22 00:00:00
220,2007-08-31 00:00:00,Manipur,25.1333,93.9667,2007-08-31 00:00:00,2007-08-29 00:00:00,2007-08-25 00:00:00
247,2007-09-08 00:00:00,Manipur,25.0604,93.9877,2007-09-08 00:00:00,2007-09-06 00:00:00,2007-09-02 00:00:00
251,2007-09-09 00:00:00,Sikkim,27.1667,88.35,2007-09-09 00:00:00,2007-09-07 00:00:00,2007-09-03 00:00:00
252,2007-09-09 00:00:00,Nagaland,25.4993,94.1192,2007-09-09 00:00:00,2007-09-07 00:00:00,2007-09-03 00:00:00
255,2007-09-10 00:00:00,Manipur,24.2451,94.0691,2007-09-10 00:00:00,2007-09-08 00:00:00,2007-09-04 00:00:00
256,2007-09-10 00:00:00,Sikkim,27.3425,88.6236,2007-09-10 00:00:00,2007-09-08 00:00:00,2007-09-04 00:00:00
259,2007-09-11 00:00:00,Meghalaya,25.52,91.27,2007-09-11 00:00:00,2007-09-09 00:00:00,2007-09-05 00:00:00
258,2007-09-11 00:00:00,Manipur,24.4279,94.0564,2007-09-11 00:00:00,2007-09-09 00:00:00,2007-09-05 00:00:00
264,2007-09-13 00:00:00,Assam,26.1833,91.8,2007-09-13 00:00:00,2007-09-11 00:00:00,2007-09-07 00:00:00
269,2007-09-18 00:00:00,Sikkim,27.2872,88.2816,2007-09-18 00:00:00,2007-09-16 00:00:00,2007-09-12 00:00:00
285,2007-09-29 00:00:00,Mizoram,24.1293,92.6921,2007-09-29 00:00:00,2007-09-27 00:00:00,2007-09-23 00:00:00
313,2007-10-16 00:00:00,Nagaland,25.7055,94.0132,2007-10-16 00:00:00,2007-10-14 00:00:00,2007-10-10 00:00:00
319,2007-10-19 00:00:00,Nagaland,25.4379,94.1162,2007-10-19 00:00:00,2007-10-17 00:00:00,2007-10-13 00:00:00
322,2007-10-21 00:00:00,Assam,24.75,93.4333,2007-10-21 00:00:00,2007-10-19 00:00:00,2007-10-15 00:00:00
545,2008-05-20 00:00:00,Assam,24.9849,92.8411,2008-05-20 00:00:00,2008-05-18 00:00:00,2008-05-14 00:00:00
580,2008-06-09 00:00:00,Manipur,24.6596,93.9784,2008-06-09 00:00:00,2008-06-07 00:00:00,2008-06-03 00:00:00
585,2008-06-14 00:00:00,Arunachal Pradesh,27.0998,93.6287,2008-06-14 00:00:00,2008-06-12 00:00:00,2008-06-08 00:00:00
587,2008-06-15 00:00:00,Assam,27.2298,94.0989,2008-06-15 00:00:00,2008-06-13 00:00:00,2008-06-09 00:00:00
594,2008-06-19 00:00:00,Manipur,24.9336,93.8275,2008-06-19 00:00:00,2008-06-17 00:00:00,2008-06-13 00:00:00
692,2008-08-07 00:00:00,Nagaland,25.705,94.04,2008-08-07 00:00:00,2008-08-05 00:00:00,2008-08-01 00:00:00
714,2008-08-14 00:00:00,Assam,27.163,94.0,2008-08-14 00:00:00,2008-08-12 00:00:00,2008-08-08 00:00:00
731,2008-08-19 00:00:00,Nagaland,26.138,94.25,2008-08-19 00:00:00,2008-08-17 00:00:00,2008-08-13 00:00:00
755,2008-08-28 00:00:00,Sikkim,27.337,88.609,2008-08-28 00:00:00,2008-08-26 00:00:00,2008-08-22 00:00:00
760,2008-08-29 00:00:00,Nagaland,25.67,94.1066,2008-08-29 00:00:00,2008-08-27 00:00:00,2008-08-23 00:00:00
868,2008-10-29 00:00:00,Assam,26.3333,91.25,2008-10-29 00:00:00,2008-10-27 00:00:00,2008-10-23 00:00:00
870,2008-10-29 00:00:00,Arunachal Pradesh,27.4,92.35,2008-10-29 00:00:00,2008-10-27 00:00:00,2008-10-23 00:00:00
869,2008-10-29 00:00:00,Assam,27.2333,94.1167,2008-10-29 00:00:00,2008-10-27 00:00:00,2008-10-23 00:00:00
1084,2009-08-12 00:00:00,Arunachal Pradesh,27.7,92.8,2009-08-12 00:00:00,2009-08-10 00:00:00,2009-08-06 00:00:00
1108,2009-08-20 00:00:00,Assam,24.9925,93.5,2009-08-20 00:00:00,2009-08-18 00:00:00,2009-08-14 00:00:00
1112,2009-08-20 00:00:00,Sikkim,27.1761,88.5287,2009-08-20 00:00:00,2009-08-18 00:00:00,2009-08-14 00:00:00
1109,2009-08-20 00:00:00,Assam,25.5215,93.1645,2009-08-20 00:00:00,2009-08-18 00:00:00,2009-08-14 00:00:00
1125,2009-08-26 00:00:00,Sikkim,27.3746,88.7648,2009-08-26 00:00:00,2009-08-24 00:00:00,2009-08-20 00:00:00
1127,2009-08-27 00:00:00,Assam,25.1718,93.123,2009-08-27 00:00:00,2009-08-25 00:00:00,2009-08-21 00:00:00
1129,2009-08-30 00:00:00,Manipur,24.8628,94.4182,2009-08-30 00:00:00,2009-08-28 00:00:00,2009-08-24 00:00:00
1168,2009-09-17 00:00:00,Sikkim,27.1954,88.6115,2009-09-17 00:00:00,2009-09-15 00:00:00,2009-09-11 00:00:00
1222,2009-10-05 00:00:00,Mizoram,23.73478778,92.72124394,2009-10-05 00:00:00,2009-10-03 00:00:00,2009-09-29 00:00:00
1596,2010-03-27 20:00:00,Manipur,24.7339,93.9161,2010-03-27 20:00:00,2010-03-25 20:00:00,2010-03-21 20:00:00
1611,2010-04-01 00:00:00,Assam,25.1553,93.028,2010-04-01 00:00:00,2010-03-30 00:00:00,2010-03-26 00:00:00
1613,2010-04-02 23:00:00,Arunachal Pradesh,27.8997,93.3497,2010-04-02 23:00:00,2010-03-31 23:00:00,2010-03-27 23:00:00
1756,2010-04-17 00:00:00,Sikkim,27.322,88.6087,2010-04-17 00:00:00,2010-04-15 00:00:00,2010-04-11 00:00:00
1755,2010-04-17 15:00:00,Sikkim,27.3341,88.6083,2010-04-17 15:00:00,2010-04-15 15:00:00,2010-04-11 15:00:00
1770,2010-04-20 00:00:00,Assam,26.1965,91.763,2010-04-20 00:00:00,2010-04-18 00:00:00,2010-04-14 00:00:00
1771,2010-04-20 00:00:00,Assam,26.1978,91.7665,2010-04-20 00:00:00,2010-04-18 00:00:00,2010-04-14 00:00:00
1775,2010-04-21 00:00:00,Arunachal Pradesh,27.8965,96.1779,2010-04-21 00:00:00,2010-04-19 00:00:00,2010-04-15 00:00:00
1776,2010-04-21 00:00:00,Meghalaya,25.3612,92.2845,2010-04-21 00:00:00,2010-04-19 00:00:00,2010-04-15 00:00:00
1857,2010-05-11 09:00:00,Meghalaya,25.3433,92.2897,2010-05-11 09:00:00,2010-05-09 09:00:00,2010-05-05 09:00:00
1930,2010-05-31 00:00:00,Arunachal Pradesh,28.4298,95.8776,2010-05-31 00:00:00,2010-05-29 00:00:00,2010-05-25 00:00:00
1929,2010-05-31 23:00:00,Sikkim,27.3543,88.6428,2010-05-31 23:00:00,2010-05-29 23:00:00,2010-05-25 23:00:00
1935,2010-06-03 00:00:00,Tripura,23.8986,91.7599,2010-06-03 00:00:00,2010-06-01 00:00:00,2010-05-28 00:00:00
1934,2010-06-03 05:00:00,Assam,24.6005,92.3814,2010-06-03 05:00:00,2010-06-01 05:00:00,2010-05-28 05:00:00
1954,2010-06-07 00:00:00,Manipur,24.7543,93.5039,2010-06-07 00:00:00,2010-06-05 00:00:00,2010-06-01 00:00:00
1961,2010-06-09 14:15:00,Meghalaya,25.8833,91.2,2010-06-09 14:15:00,2010-06-07 14:15:00,2010-06-03 14:15:00
1987,2010-06-15 00:00:00,Assam,25.2269,93.1658,2010-06-15 00:00:00,2010-06-13 00:00:00,2010-06-09 00:00:00
1986,2010-06-15 00:00:00,Nagaland,26.3335,94.5512,2010-06-15 00:00:00,2010-06-13 00:00:00,2010-06-09 00:00:00
1994,2010-06-16 00:00:00,Assam,25.0633,92.8025,2010-06-16 00:00:00,2010-06-14 00:00:00,2010-06-10 00:00:00
1996,2010-06-17 19:30:00,Nagaland,26.4333,94.8833,2010-06-17 19:30:00,2010-06-15 19:30:00,2010-06-11 19:30:00
2026,2010-06-28 00:00:00,Meghalaya,25.4916,91.2698,2010-06-28 00:00:00,2010-06-26 00:00:00,2010-06-22 00:00:00
2025,2010-06-28 00:00:00,Meghalaya,25.5728,91.885,2010-06-28 00:00:00,2010-06-26 00:00:00,2010-06-22 00:00:00
2045,2010-07-06 00:00:00,Nagaland,26.2363,94.8133,2010-07-06 00:00:00,2010-07-04 00:00:00,2010-06-30 00:00:00
2043,2010-07-06 00:00:00,Nagaland,26.7225,95.0281,2010-07-06 00:00:00,2010-07-04 00:00:00,2010-06-30 00:00:00
2042,2010-07-06 00:00:00,Nagaland,26.0093,94.5238,2010-07-06 00:00:00,2010-07-04 00:00:00,2010-06-30 00:00:00
2044,2010-07-06 00:00:00,Nagaland,25.8877,94.7861,2010-07-06 00:00:00,2010-07-04 00:00:00,2010-06-30 00:00:00
2098,2010-07-19 06:00:00,Nagaland,26.7215,95.0283,2010-07-19 06:00:00,2010-07-17 06:00:00,2010-07-13 06:00:00
2106,2010-07-20 00:00:00,Nagaland,26.8716,94.9921,2010-07-20 00:00:00,2010-07-18 00:00:00,2010-07-14 00:00:00
2113,2010-07-21 08:00:00,Sikkim,27.3773,88.559,2010-07-21 08:00:00,2010-07-19 08:00:00,2010-07-15 08:00:00
2140,2010-07-25 00:00:00,Assam,25.0477,92.801,2010-07-25 00:00:00,2010-07-23 00:00:00,2010-07-19 00:00:00
2163,2010-07-29 00:00:00,Nagaland,25.4196,94.1054,2010-07-29 00:00:00,2010-07-27 00:00:00,2010-07-23 00:00:00
2166,2010-07-29 00:00:00,Assam,24.9786,93.5027,2010-07-29 00:00:00,2010-07-27 00:00:00,2010-07-23 00:00:00
2164,2010-07-29 23:00:00,Manipur,25.3098633,94.48214677,2010-07-29 23:00:00,2010-07-27 23:00:00,2010-07-23 23:00:00
2182,2010-07-31 09:00:00,Manipur,24.9356,93.8443,2010-07-31 09:00:00,2010-07-29 09:00:00,2010-07-25 09:00:00
2205,2010-08-06 00:00:00,Mizoram,23.7365,92.7146,2010-08-06 00:00:00,2010-08-04 00:00:00,2010-07-31 00:00:00
2243,2010-08-13 00:00:00,Nagaland,25.70223725,94.04619681,2010-08-13 00:00:00,2010-08-11 00:00:00,2010-08-07 00:00:00
2247,2010-08-14 00:00:00,Nagaland,26.148,94.8422,2010-08-14 00:00:00,2010-08-12 00:00:00,2010-08-08 00:00:00
2248,2010-08-14 00:00:00,Nagaland,26.222,94.9152,2010-08-14 00:00:00,2010-08-12 00:00:00,2010-08-08 00:00:00
2249,2010-08-14 00:00:00,Nagaland,26.0814,94.803,2010-08-14 00:00:00,2010-08-12 00:00:00,2010-08-08 00:00:00
2253,2010-08-15 23:00:00,Manipur,25.31006064,94.48265093,2010-08-15 23:00:00,2010-08-13 23:00:00,2010-08-09 23:00:00
2263,2010-08-17 00:00:00,Nagaland,26.2753,94.6654,2010-08-17 00:00:00,2010-08-15 00:00:00,2010-08-11 00:00:00
2283,2010-08-19 00:00:00,Manipur,24.8961,93.4957,2010-08-19 00:00:00,2010-08-17 00:00:00,2010-08-13 00:00:00
2282,2010-08-19 06:30:00,Nagaland,26.1984,94.8158,2010-08-19 06:30:00,2010-08-17 06:30:00,2010-08-13 06:30:00
2281,2010-08-19 18:00:00,Nagaland,25.61560252,94.11603493,2010-08-19 18:00:00,2010-08-17 18:00:00,2010-08-13 18:00:00
2296,2010-08-20 00:00:00,Sikkim,27.167,88.3652,2010-08-20 00:00:00,2010-08-18 00:00:00,2010-08-14 00:00:00
2304,2010-08-21 18:00:00,Nagaland,25.5718,94.1211,2010-08-21 18:00:00,2010-08-19 18:00:00,2010-08-15 18:00:00
2344,2010-08-27 16:30:00,Assam,24.7505,93.4221,2010-08-27 16:30:00,2010-08-25 16:30:00,2010-08-21 16:30:00
2343,2010-08-27 16:30:00,Nagaland,25.4786,94.1327,2010-08-27 16:30:00,2010-08-25 16:30:00,2010-08-21 16:30:00
2345,2010-08-27 18:00:00,Sikkim,27.3392,88.6188,2010-08-27 18:00:00,2010-08-25 18:00:00,2010-08-21 18:00:00
2392,2010-09-04 00:00:00,Sikkim,27.3702,88.7334,2010-09-04 00:00:00,2010-09-02 00:00:00,2010-08-29 00:00:00
2405,2010-09-09 23:00:00,Arunachal Pradesh,28.3036,95.4112,2010-09-09 23:00:00,2010-09-07 23:00:00,2010-09-03 23:00:00
2411,2010-09-10 00:00:00,Arunachal Pradesh,27.0011,93.7273,2010-09-10 00:00:00,2010-09-08 00:00:00,2010-09-04 00:00:00
2415,2010-09-12 00:00:00,Nagaland,25.63961883,94.11112157,2010-09-12 00:00:00,2010-09-10 00:00:00,2010-09-06 00:00:00
2420,2010-09-13 00:00:00,Mizoram,23.72988966,92.71495623,2010-09-13 00:00:00,2010-09-11 00:00:00,2010-09-07 00:00:00
2425,2010-09-13 00:00:00,Mizoram,23.3439,93.0748,2010-09-13 00:00:00,2010-09-11 00:00:00,2010-09-07 00:00:00
2423,2010-09-13 00:00:00,Mizoram,23.73504471,92.71060943,2010-09-13 00:00:00,2010-09-11 00:00:00,2010-09-07 00:00:00
2424,2010-09-13 00:00:00,Mizoram,23.591,92.9296,2010-09-13 00:00:00,2010-09-11 00:00:00,2010-09-07 00:00:00
2426,2010-09-13 00:00:00,Mizoram,22.7176,92.8416,2010-09-13 00:00:00,2010-09-11 00:00:00,2010-09-07 00:00:00
2422,2010-09-13 00:00:00,Mizoram,23.74182634,92.7141905,2010-09-13 00:00:00,2010-09-11 00:00:00,2010-09-07 00:00:00
2421,2010-09-13 09:00:00,Mizoram,23.75406693,92.74128531,2010-09-13 09:00:00,2010-09-11 09:00:00,2010-09-07 09:00:00
2437,2010-09-16 00:00:00,Mizoram,23.7527,92.694,2010-09-16 00:00:00,2010-09-14 00:00:00,2010-09-10 00:00:00
2436,2010-09-16 03:00:00,Mizoram,24.3069,93.125,2010-09-16 03:00:00,2010-09-14 03:00:00,2010-09-10 03:00:00
2539,2010-10-03 00:00:00,Arunachal Pradesh,28.3092,95.4149,2010-10-03 00:00:00,2010-10-01 00:00:00,2010-09-27 00:00:00
2569,2010-10-08 00:00:00,Nagaland,25.2745,94.0212,2010-10-08 00:00:00,2010-10-06 00:00:00,2010-10-02 00:00:00
2570,2010-10-08 00:00:00,Manipur,24.837,93.9128,2010-10-08 00:00:00,2010-10-06 00:00:00,2010-10-02 00:00:00
2566,2010-10-08 00:00:00,Nagaland,25.4769,94.1351,2010-10-08 00:00:00,2010-10-06 00:00:00,2010-10-02 00:00:00
2567,2010-10-08 00:00:00,Manipur,25.6633,94.4703,2010-10-08 00:00:00,2010-10-06 00:00:00,2010-10-02 00:00:00
2568,2010-10-08 00:00:00,Assam,24.7679,93.4108,2010-10-08 00:00:00,2010-10-06 00:00:00,2010-10-02 00:00:00
2574,2010-10-09 00:00:00,Assam,25.4749,93.1477,2010-10-09 00:00:00,2010-10-07 00:00:00,2010-10-03 00:00:00
2577,2010-10-09 00:00:00,Nagaland,25.5265,93.8673,2010-10-09 00:00:00,2010-10-07 00:00:00,2010-10-03 00:00:00
2578,2010-10-09 00:00:00,Nagaland,25.3179,94.0462,2010-10-09 00:00:00,2010-10-07 00:00:00,2010-10-03 00:00:00
2573,2010-10-09 00:00:00,Assam,25.1796,93.0083,2010-10-09 00:00:00,2010-10-07 00:00:00,2010-10-03 00:00:00
2575,2010-10-09 00:00:00,Assam,25.5242,92.9914,2010-10-09 00:00:00,2010-10-07 00:00:00,2010-10-03 00:00:00
2576,2010-10-09 00:00:00,Nagaland,25.4788,94.1399,2010-10-09 00:00:00,2010-10-07 00:00:00,2010-10-03 00:00:00
2579,2010-10-09 00:00:00,Nagaland,25.682,94.1076,2010-10-09 00:00:00,2010-10-07 00:00:00,2010-10-03 00:00:00
2587,2010-10-10 06:00:00,Nagaland,25.6623,94.1072,2010-10-10 06:00:00,2010-10-08 06:00:00,2010-10-04 06:00:00
2743,2010-11-22 00:00:00,Arunachal Pradesh,27.5798729,91.85672387,2010-11-22 00:00:00,2010-11-20 00:00:00,2010-11-16 00:00:00
3269,2011-03-22 00:00:00,Arunachal Pradesh,28.0791,96.5242,2011-03-22 00:00:00,2011-03-20 00:00:00,2011-03-16 00:00:00
3525,2011-05-22 00:00:00,Assam,25.0672,93.4093,2011-05-22 00:00:00,2011-05-20 00:00:00,2011-05-16 00:00:00
3532,2011-05-24 00:00:00,Assam,25.0888,92.8551,2011-05-24 00:00:00,2011-05-22 00:00:00,2011-05-18 00:00:00
3556,2011-05-31 14:00:00,Manipur,25.1555,93.8474,2011-05-31 14:00:00,2011-05-29 14:00:00,2011-05-25 14:00:00
3560,2011-05-31 14:30:00,Manipur,24.8286,93.5935,2011-05-31 14:30:00,2011-05-29 14:30:00,2011-05-25 14:30:00
3633,2011-06-20 00:00:00,Nagaland,26.3186,94.5121,2011-06-20 00:00:00,2011-06-18 00:00:00,2011-06-14 00:00:00
3637,2011-06-21 00:00:00,Nagaland,25.51614662,94.2341227,2011-06-21 00:00:00,2011-06-19 00:00:00,2011-06-15 00:00:00
3662,2011-06-28 00:00:00,Manipur,25.03561729,94.0144205,2011-06-28 00:00:00,2011-06-26 00:00:00,2011-06-22 00:00:00
3663,2011-06-28 00:00:00,Nagaland,25.6682,94.1099,2011-06-28 00:00:00,2011-06-26 00:00:00,2011-06-22 00:00:00
3672,2011-06-29 00:00:00,Assam,25.5125,93.3613,2011-06-29 00:00:00,2011-06-27 00:00:00,2011-06-23 00:00:00
3683,2011-07-01 00:00:00,Nagaland,25.8782,94.1739,2011-07-01 00:00:00,2011-06-29 00:00:00,2011-06-25 00:00:00
3738,2011-07-06 00:00:00,Manipur,24.8063,93.9482,2011-07-06 00:00:00,2011-07-04 00:00:00,2011-06-30 00:00:00
3741,2011-07-07 00:00:00,Nagaland,25.4191,94.1079,2011-07-07 00:00:00,2011-07-05 00:00:00,2011-07-01 00:00:00
3760,2011-07-11 09:00:00,Nagaland,25.6703,94.1095,2011-07-11 09:00:00,2011-07-09 09:00:00,2011-07-05 09:00:00
3776,2011-07-15 18:00:00,Arunachal Pradesh,27.125,93.7145,2011-07-15 18:00:00,2011-07-13 18:00:00,2011-07-09 18:00:00
3789,2011-07-16 00:00:00,Arunachal Pradesh,27.2743,92.9064,2011-07-16 00:00:00,2011-07-14 00:00:00,2011-07-10 00:00:00
3794,2011-07-17 00:00:00,Sikkim,26.99195749,88.42280921,2011-07-17 00:00:00,2011-07-15 00:00:00,2011-07-11 00:00:00
3806,2011-07-19 00:00:00,Arunachal Pradesh,27.1032,93.6884,2011-07-19 00:00:00,2011-07-17 00:00:00,2011-07-13 00:00:00
3805,2011-07-19 00:00:00,Sikkim,27.05374234,88.42572376,2011-07-19 00:00:00,2011-07-17 00:00:00,2011-07-13 00:00:00
3830,2011-07-22 00:00:00,Manipur,24.3527,94.3429,2011-07-22 00:00:00,2011-07-20 00:00:00,2011-07-16 00:00:00
3831,2011-07-22 00:00:00,Manipur,24.7992,93.948,2011-07-22 00:00:00,2011-07-20 00:00:00,2011-07-16 00:00:00
3837,2011-07-24 12:30:00,Assam,26.5836,93.0038,2011-07-24 12:30:00,2011-07-22 12:30:00,2011-07-18 12:30:00
3840,2011-07-25 00:00:00,Manipur,24.6869,93.9157,2011-07-25 00:00:00,2011-07-23 00:00:00,2011-07-19 00:00:00
3860,2011-07-29 00:00:00,Nagaland,25.4192,94.108,2011-07-29 00:00:00,2011-07-27 00:00:00,2011-07-23 00:00:00
3881,2011-08-05 00:00:00,Arunachal Pradesh,27.1034,93.6885,2011-08-05 00:00:00,2011-08-03 00:00:00,2011-07-30 00:00:00
3912,2011-08-12 00:00:00,Arunachal Pradesh,27.44,92.2833,2011-08-12 00:00:00,2011-08-10 00:00:00,2011-08-06 00:00:00
3916,2011-08-13 08:00:00,Assam,25.7713,93.8067,2011-08-13 08:00:00,2011-08-11 08:00:00,2011-08-07 08:00:00
3925,2011-08-15 00:00:00,Arunachal Pradesh,27.4888,93.0153,2011-08-15 00:00:00,2011-08-13 00:00:00,2011-08-09 00:00:00
3927,2011-08-16 08:00:00,Meghalaya,25.5144,90.2167,2011-08-16 08:00:00,2011-08-14 08:00:00,2011-08-10 08:00:00
3932,2011-08-18 00:00:00,Nagaland,25.83,94.13,2011-08-18 00:00:00,2011-08-16 00:00:00,2011-08-12 00:00:00
3965,2011-09-06 08:00:00,Assam,24.808,93.117,2011-09-06 08:00:00,2011-09-04 08:00:00,2011-08-31 08:00:00
3983,2011-09-23 00:00:00,Assam,26.1548,91.7351,2011-09-23 00:00:00,2011-09-21 00:00:00,2011-09-17 00:00:00
4241,2012-03-04 00:00:00,Manipur,25.1604,93.6795,2012-03-04 00:00:00,2012-03-02 00:00:00,2012-02-27 00:00:00
4313,2012-04-08 00:00:00,Arunachal Pradesh,28.4659,95.86,2012-04-08 00:00:00,2012-04-06 00:00:00,2012-04-02 00:00:00
4378,2012-06-02 00:00:00,Arunachal Pradesh,28.8254,96.1517,2012-06-02 00:00:00,2012-05-31 00:00:00,2012-05-27 00:00:00
4377,2012-06-02 00:00:00,Assam,26.1475,91.7356,2012-06-02 00:00:00,2012-05-31 00:00:00,2012-05-27 00:00:00
4382,2012-06-03 00:00:00,Assam,25.1175,92.8573,2012-06-03 00:00:00,2012-06-01 00:00:00,2012-05-28 00:00:00
4383,2012-06-03 00:00:00,Assam,25.3056,93.1265,2012-06-03 00:00:00,2012-06-01 00:00:00,2012-05-28 00:00:00
4384,2012-06-03 00:00:00,Assam,25.1775,93.0123,2012-06-03 00:00:00,2012-06-01 00:00:00,2012-05-28 00:00:00
4394,2012-06-07 04:30:00,Sikkim,27.1748,88.6458,2012-06-07 04:30:00,2012-06-05 04:30:00,2012-06-01 04:30:00
4403,2012-06-10 00:00:00,Manipur,24.8142,93.5444,2012-06-10 00:00:00,2012-06-08 00:00:00,2012-06-04 00:00:00
4407,2012-06-13 00:00:00,Assam,25.0951,92.3567,2012-06-13 00:00:00,2012-06-11 00:00:00,2012-06-07 00:00:00
4408,2012-06-13 00:00:00,Meghalaya,25.5498,92.0757,2012-06-13 00:00:00,2012-06-11 00:00:00,2012-06-07 00:00:00
4411,2012-06-14 04:00:00,Sikkim,27.339,88.6065,2012-06-14 04:00:00,2012-06-12 04:00:00,2012-06-08 04:00:00
4424,2012-06-20 00:00:00,Assam,26.149,91.7351,2012-06-20 00:00:00,2012-06-18 00:00:00,2012-06-14 00:00:00
4426,2012-06-22 00:00:00,Assam,26.1226,91.7162,2012-06-22 00:00:00,2012-06-20 00:00:00,2012-06-16 00:00:00
4435,2012-06-25 00:00:00,Arunachal Pradesh,27.174,95.8011,2012-06-25 00:00:00,2012-06-23 00:00:00,2012-06-19 00:00:00
4436,2012-06-25 00:00:00,Arunachal Pradesh,26.9986,95.4993,2012-06-25 00:00:00,2012-06-23 00:00:00,2012-06-19 00:00:00
4434,2012-06-25 18:00:00,Assam,26.1049,91.7369,2012-06-25 18:00:00,2012-06-23 18:00:00,2012-06-19 18:00:00
4446,2012-07-05 00:00:00,Arunachal Pradesh,28.9986,94.8885,2012-07-05 00:00:00,2012-07-03 00:00:00,2012-06-29 00:00:00
4552,2012-09-14 00:00:00,Sikkim,27.0377,88.3603,2012-09-14 00:00:00,2012-09-12 00:00:00,2012-09-08 00:00:00
4556,2012-09-16 00:00:00,Sikkim,27.1675,88.3651,2012-09-16 00:00:00,2012-09-14 00:00:00,2012-09-10 00:00:00
4570,2012-09-19 00:00:00,Arunachal Pradesh,27.8458,95.2253,2012-09-19 00:00:00,2012-09-17 00:00:00,2012-09-13 00:00:00
4610,2012-11-11 00:00:00,Mizoram,23.7705,92.5217,2012-11-11 00:00:00,2012-11-09 00:00:00,2012-11-05 00:00:00
4757,2013-02-18 00:00:00,Arunachal Pradesh,28.1193,95.1645,2013-02-18 00:00:00,2013-02-16 00:00:00,2013-02-12 00:00:00
4798,2013-04-07 00:00:00,Arunachal Pradesh,28.8254,96.1509,2013-04-07 00:00:00,2013-04-05 00:00:00,2013-04-01 00:00:00
4845,2013-05-07 00:00:00,Mizoram,24.2315,92.6755,2013-05-07 00:00:00,2013-05-05 00:00:00,2013-05-01 00:00:00
4848,2013-05-08 00:00:00,Tripura,24.0896,91.4663,2013-05-08 00:00:00,2013-05-06 00:00:00,2013-05-02 00:00:00
4860,2013-05-11 00:00:00,Assam,26.1016,91.6906,2013-05-11 00:00:00,2013-05-09 00:00:00,2013-05-05 00:00:00
4859,2013-05-11 00:00:00,Assam,26.1771,91.7599,2013-05-11 00:00:00,2013-05-09 00:00:00,2013-05-05 00:00:00
4858,2013-05-11 09:00:00,Assam,26.1662,91.7138,2013-05-11 09:00:00,2013-05-09 09:00:00,2013-05-05 09:00:00
4857,2013-05-11 09:00:00,Mizoram,23.7281,92.7175,2013-05-11 09:00:00,2013-05-09 09:00:00,2013-05-05 09:00:00
4861,2013-05-12 00:00:00,Assam,24.9926,93.4946,2013-05-12 00:00:00,2013-05-10 00:00:00,2013-05-06 00:00:00
4892,2013-06-01 00:00:00,Arunachal Pradesh,27.8776,94.25,2013-06-01 00:00:00,2013-05-30 00:00:00,2013-05-26 00:00:00
4906,2013-06-07 00:00:00,Nagaland,26.0977,94.7499,2013-06-07 00:00:00,2013-06-05 00:00:00,2013-06-01 00:00:00
4905,2013-06-07 00:00:00,Nagaland,26.0977,94.7031,2013-06-07 00:00:00,2013-06-05 00:00:00,2013-06-01 00:00:00
4908,2013-06-08 17:00:00,Sikkim,27.3721,88.708,2013-06-08 17:00:00,2013-06-06 17:00:00,2013-06-02 17:00:00
4990,2013-06-27 23:00:00,Sikkim,27.3765,88.7628,2013-06-27 23:00:00,2013-06-25 23:00:00,2013-06-21 23:00:00
5005,2013-07-01 00:00:00,Nagaland,26.72,95.029,2013-07-01 00:00:00,2013-06-29 00:00:00,2013-06-25 00:00:00
5006,2013-07-01 00:00:00,Nagaland,26.1147,94.3864,2013-07-01 00:00:00,2013-06-29 00:00:00,2013-06-25 00:00:00
5087,2013-07-12 00:00:00,Nagaland,25.6269,94.1139,2013-07-12 00:00:00,2013-07-10 00:00:00,2013-07-06 00:00:00
5084,2013-07-12 23:00:00,Nagaland,25.616,94.1167,2013-07-12 23:00:00,2013-07-10 23:00:00,2013-07-06 23:00:00
5107,2013-07-15 00:00:00,Nagaland,25.6269,94.1139,2013-07-15 00:00:00,2013-07-13 00:00:00,2013-07-09 00:00:00
5122,2013-07-17 00:00:00,Nagaland,25.7658,93.9413,2013-07-17 00:00:00,2013-07-15 00:00:00,2013-07-11 00:00:00
5123,2013-07-17 00:00:00,Nagaland,25.7131,94.0885,2013-07-17 00:00:00,2013-07-15 00:00:00,2013-07-11 00:00:00
5250,2013-08-01 00:00:00,Arunachal Pradesh,27.8837,93.0515,2013-08-01 00:00:00,2013-07-30 00:00:00,2013-07-26 00:00:00
5269,2013-08-04 00:00:00,Nagaland,25.8376,94.5234,2013-08-04 00:00:00,2013-08-02 00:00:00,2013-07-29 00:00:00
5275,2013-08-04 00:00:00,Nagaland,26.1498,94.6055,2013-08-04 00:00:00,2013-08-02 00:00:00,2013-07-29 00:00:00
5272,2013-08-04 00:00:00,Nagaland,26.2083,94.5438,2013-08-04 00:00:00,2013-08-02 00:00:00,2013-07-29 00:00:00
5271,2013-08-04 00:00:00,Nagaland,26.284,94.5808,2013-08-04 00:00:00,2013-08-02 00:00:00,2013-07-29 00:00:00
5268,2013-08-04 00:00:00,Nagaland,26.0137,94.5163,2013-08-04 00:00:00,2013-08-02 00:00:00,2013-07-29 00:00:00
5270,2013-08-04 00:00:00,Nagaland,26.0481,94.4619,2013-08-04 00:00:00,2013-08-02 00:00:00,2013-07-29 00:00:00
5274,2013-08-04 00:00:00,Nagaland,26.0838,94.564,2013-08-04 00:00:00,2013-08-02 00:00:00,2013-07-29 00:00:00
5273,2013-08-04 00:00:00,Nagaland,26.1807,94.5497,2013-08-04 00:00:00,2013-08-02 00:00:00,2013-07-29 00:00:00
5300,2013-08-09 00:00:00,Nagaland,25.318,94.0441,2013-08-09 00:00:00,2013-08-07 00:00:00,2013-08-03 00:00:00
5312,2013-08-11 23:00:00,Assam,26.7103,94.693,2013-08-11 23:00:00,2013-08-09 23:00:00,2013-08-05 23:00:00
5427,2013-08-15 00:00:00,Nagaland,25.3833,94.1884,2013-08-15 00:00:00,2013-08-13 00:00:00,2013-08-09 00:00:00
5337,2013-08-16 00:00:00,Nagaland,26.4205,94.9731,2013-08-16 00:00:00,2013-08-14 00:00:00,2013-08-10 00:00:00
5338,2013-08-16 00:00:00,Assam,26.8727,94.9275,2013-08-16 00:00:00,2013-08-14 00:00:00,2013-08-10 00:00:00
5336,2013-08-16 00:00:00,Nagaland,26.3897,94.9439,2013-08-16 00:00:00,2013-08-14 00:00:00,2013-08-10 00:00:00
5343,2013-08-17 23:00:00,Assam,24.7625,93.4341,2013-08-17 23:00:00,2013-08-15 23:00:00,2013-08-11 23:00:00
5421,2013-08-30 00:00:00,Nagaland,26.4205,94.9731,2013-08-30 00:00:00,2013-08-28 00:00:00,2013-08-24 00:00:00
5430,2013-09-01 00:00:00,Manipur,24.9037,93.487,2013-09-01 00:00:00,2013-08-30 00:00:00,2013-08-26 00:00:00
5431,2013-09-01 00:00:00,Assam,24.9829,93.5063,2013-09-01 00:00:00,2013-08-30 00:00:00,2013-08-26 00:00:00
5429,2013-09-01 18:00:00,Sikkim,27.3425,88.2426,2013-09-01 18:00:00,2013-08-30 18:00:00,2013-08-26 18:00:00
5441,2013-09-02 00:00:00,Arunachal Pradesh,28.611,94.9829,2013-09-02 00:00:00,2013-08-31 00:00:00,2013-08-27 00:00:00
5442,2013-09-02 00:00:00,Arunachal Pradesh,27.1614,93.7525,2013-09-02 00:00:00,2013-08-31 00:00:00,2013-08-27 00:00:00
5476,2013-09-07 15:00:00,Sikkim,27.3736,88.7323,2013-09-07 15:00:00,2013-09-05 15:00:00,2013-09-01 15:00:00
5552,2013-09-24 00:00:00,Manipur,25.0985,94.3619,2013-09-24 00:00:00,2013-09-22 00:00:00,2013-09-18 00:00:00
5575,2013-10-05 23:00:00,Nagaland,25.8266,94.1497,2013-10-05 23:00:00,2013-10-03 23:00:00,2013-09-29 23:00:00
5584,2013-10-06 00:00:00,Assam,26.1665,91.7049,2013-10-06 00:00:00,2013-10-04 00:00:00,2013-09-30 00:00:00
5582,2013-10-06 12:45:00,Assam,26.1309,91.8383,2013-10-06 12:45:00,2013-10-04 12:45:00,2013-09-30 12:45:00
5603,2013-10-13 19:30:00,Manipur,25.426,94.6024,2013-10-13 19:30:00,2013-10-11 19:30:00,2013-10-07 19:30:00
6015,2014-05-08 00:00:00,Arunachal Pradesh,27.9032,96.174,2014-05-08 00:00:00,2014-05-06 00:00:00,2014-05-02 00:00:00
6016,2014-05-09 23:00:00,Assam,24.8669,92.3576,2014-05-09 23:00:00,2014-05-07 23:00:00,2014-05-03 23:00:00
6106,2014-06-26 23:00:00,Assam,26.1407,91.7645,2014-06-26 23:00:00,2014-06-24 23:00:00,2014-06-20 23:00:00
6107,2014-06-26 23:00:00,Assam,26.1844,91.7896,2014-06-26 23:00:00,2014-06-24 23:00:00,2014-06-20 23:00:00
6105,2014-06-26 23:00:00,Arunachal Pradesh,28.9205,95.3429,2014-06-26 23:00:00,2014-06-24 23:00:00,2014-06-20 23:00:00
6110,2014-06-27 00:00:00,Assam,26.1619,91.7697,2014-06-27 00:00:00,2014-06-25 00:00:00,2014-06-21 00:00:00
6112,2014-06-28 09:00:00,Assam,26.1964,91.7652,2014-06-28 09:00:00,2014-06-26 09:00:00,2014-06-22 09:00:00
6143,2014-07-14 18:00:00,Mizoram,23.7327,92.7463,2014-07-14 18:00:00,2014-07-12 18:00:00,2014-07-08 18:00:00
6513,2014-08-14 23:00:00,Tripura,23.0137,91.7174,2014-08-14 23:00:00,2014-08-12 23:00:00,2014-08-08 23:00:00
6200,2014-08-17 00:00:00,Arunachal Pradesh,27.0869,93.6086,2014-08-17 00:00:00,2014-08-15 00:00:00,2014-08-11 00:00:00
6331,2014-09-08 00:00:00,Nagaland,25.9466,94.6279,2014-09-08 00:00:00,2014-09-06 00:00:00,2014-09-02 00:00:00
6291,2014-09-21 00:00:00,Meghalaya,25.7354,90.3852,2014-09-21 00:00:00,2014-09-19 00:00:00,2014-09-15 00:00:00
6285,2014-09-22 00:00:00,Assam,26.159,91.8178,2014-09-22 00:00:00,2014-09-20 00:00:00,2014-09-16 00:00:00
6284,2014-09-22 00:00:00,Assam,26.1324,91.8342,2014-09-22 00:00:00,2014-09-20 00:00:00,2014-09-16 00:00:00
6288,2014-09-22 00:00:00,Assam,26.1985,91.7998,2014-09-22 00:00:00,2014-09-20 00:00:00,2014-09-16 00:00:00
6283,2014-09-22 00:00:00,Assam,26.1314,91.7548,2014-09-22 00:00:00,2014-09-20 00:00:00,2014-09-16 00:00:00
6287,2014-09-22 00:00:00,Assam,26.1295,91.7056,2014-09-22 00:00:00,2014-09-20 00:00:00,2014-09-16 00:00:00
6282,2014-09-22 00:00:00,Assam,26.1097,91.7747,2014-09-22 00:00:00,2014-09-20 00:00:00,2014-09-16 00:00:00
6286,2014-09-22 00:00:00,Assam,26.1044,91.7082,2014-09-22 00:00:00,2014-09-20 00:00:00,2014-09-16 00:00:00
6289,2014-09-22 00:00:00,Assam,26.1001,91.6849,2014-09-22 00:00:00,2014-09-20 00:00:00,2014-09-16 00:00:00
6292,2014-09-23 00:00:00,Assam,25.7238,89.9032,2014-09-23 00:00:00,2014-09-21 00:00:00,2014-09-17 00:00:00
6290,2014-09-23 03:00:00,Meghalaya,25.5772,91.8666,2014-09-23 03:00:00,2014-09-21 03:00:00,2014-09-17 03:00:00
6213,2014-09-24 00:00:00,Meghalaya,25.8143,90.5763,2014-09-24 00:00:00,2014-09-22 00:00:00,2014-09-18 00:00:00
6222,2014-10-01 11:00:00,Arunachal Pradesh,27.1249,93.7706,2014-10-01 11:00:00,2014-09-29 11:00:00,2014-09-25 11:00:00
6214,2014-10-05 17:45:00,Meghalaya,25.9702,91.8587,2014-10-05 17:45:00,2014-10-03 17:45:00,2014-09-29 17:45:00
6293,2014-10-20 00:00:00,Meghalaya,25.5006,90.0896,2014-10-20 00:00:00,2014-10-18 00:00:00,2014-10-14 00:00:00
6775,2015-02-14 00:00:00,Assam,26.1468,91.6469,2015-02-14 00:00:00,2015-02-12 00:00:00,2015-02-08 00:00:00
6786,2015-02-19 23:00:00,Assam,24.6108,92.562,2015-02-19 23:00:00,2015-02-17 23:00:00,2015-02-13 23:00:00
7591,2015-03-19 00:00:00,Assam,25.0318,92.4584,2015-03-19 00:00:00,2015-03-17 00:00:00,2015-03-13 00:00:00
7031,2015-05-24 00:00:00,Sikkim,27.6163,88.6586,2015-05-24 00:00:00,2015-05-22 00:00:00,2015-05-18 00:00:00
6971,2015-06-09 00:00:00,Arunachal Pradesh,27.0987,93.816,2015-06-09 00:00:00,2015-06-07 00:00:00,2015-06-03 00:00:00
6968,2015-06-13 00:00:00,Meghalaya,25.463,92.2121,2015-06-13 00:00:00,2015-06-11 00:00:00,2015-06-07 00:00:00
6970,2015-06-16 00:00:00,Meghalaya,25.5084,90.2191,2015-06-16 00:00:00,2015-06-14 00:00:00,2015-06-10 00:00:00
6969,2015-06-16 06:15:00,Meghalaya,25.5114,90.215,2015-06-16 06:15:00,2015-06-14 06:15:00,2015-06-10 06:15:00
6945,2015-06-19 00:00:00,Manipur,25.16,93.686,2015-06-19 00:00:00,2015-06-17 00:00:00,2015-06-13 00:00:00
6963,2015-06-19 00:00:00,Mizoram,23.7131,92.7362,2015-06-19 00:00:00,2015-06-17 00:00:00,2015-06-13 00:00:00
6990,2015-06-24 00:00:00,Nagaland,26.0319,94.5466,2015-06-24 00:00:00,2015-06-22 00:00:00,2015-06-18 00:00:00
7138,2015-07-07 00:00:00,Sikkim,27.0816,88.4397,2015-07-07 00:00:00,2015-07-05 00:00:00,2015-07-01 00:00:00
7214,2015-07-15 08:00:00,Arunachal Pradesh,27.36,93.0385,2015-07-15 08:00:00,2015-07-13 08:00:00,2015-07-09 08:00:00
7265,2015-07-22 00:00:00,Manipur,25.5007,93.9854,2015-07-22 00:00:00,2015-07-20 00:00:00,2015-07-16 00:00:00
7253,2015-07-22 00:00:00,Assam,24.7979,92.9974,2015-07-22 00:00:00,2015-07-20 00:00:00,2015-07-16 00:00:00
7267,2015-07-22 00:00:00,Manipur,25.3908,94.0926,2015-07-22 00:00:00,2015-07-20 00:00:00,2015-07-16 00:00:00
7264,2015-07-22 00:00:00,Manipur,25.4538,93.9827,2015-07-22 00:00:00,2015-07-20 00:00:00,2015-07-16 00:00:00
7263,2015-07-22 00:00:00,Manipur,25.4477,94.0489,2015-07-22 00:00:00,2015-07-20 00:00:00,2015-07-16 00:00:00
7266,2015-07-22 00:00:00,Manipur,25.5098,93.8794,2015-07-22 00:00:00,2015-07-20 00:00:00,2015-07-16 00:00:00
7279,2015-07-24 00:00:00,Manipur,24.9818,93.5142,2015-07-24 00:00:00,2015-07-22 00:00:00,2015-07-18 00:00:00
7276,2015-07-25 09:00:00,Assam,26.1062,91.8717,2015-07-25 09:00:00,2015-07-23 09:00:00,2015-07-19 09:00:00
7364,2015-07-31 09:00:00,Manipur,24.819,94.3551,2015-07-31 09:00:00,2015-07-29 09:00:00,2015-07-25 09:00:00
7372,2015-07-31 23:00:00,Manipur,25.0634,94.3415,2015-07-31 23:00:00,2015-07-29 23:00:00,2015-07-25 23:00:00
7387,2015-08-01 00:00:00,Manipur,24.954,94.2156,2015-08-01 00:00:00,2015-07-30 00:00:00,2015-07-26 00:00:00
7388,2015-08-01 00:00:00,Manipur,24.416,94.0984,2015-08-01 00:00:00,2015-07-30 00:00:00,2015-07-26 00:00:00
7383,2015-08-01 00:00:00,Manipur,23.899,94.1434,2015-08-01 00:00:00,2015-07-30 00:00:00,2015-07-26 00:00:00
7910,2015-08-01 00:00:00,Manipur,24.3481,94.1146,2015-08-01 00:00:00,2015-07-30 00:00:00,2015-07-26 00:00:00
7370,2015-08-01 00:00:00,Manipur,24.1419,94.1078,2015-08-01 00:00:00,2015-07-30 00:00:00,2015-07-26 00:00:00
7384,2015-08-01 00:00:00,Manipur,23.9278,94.0906,2015-08-01 00:00:00,2015-07-30 00:00:00,2015-07-26 00:00:00
7375,2015-08-01 00:00:00,Manipur,25.1941,94.4481,2015-08-01 00:00:00,2015-07-30 00:00:00,2015-07-26 00:00:00
7373,2015-08-01 00:00:00,Manipur,24.9111,94.4759,2015-08-01 00:00:00,2015-07-30 00:00:00,2015-07-26 00:00:00
7390,2015-08-01 00:00:00,Manipur,24.4265,94.1913,2015-08-01 00:00:00,2015-07-30 00:00:00,2015-07-26 00:00:00
7369,2015-08-01 00:00:00,Manipur,24.1988,94.1016,2015-08-01 00:00:00,2015-07-30 00:00:00,2015-07-26 00:00:00
7385,2015-08-01 00:00:00,Manipur,24.004,93.9815,2015-08-01 00:00:00,2015-07-30 00:00:00,2015-07-26 00:00:00
7374,2015-08-01 00:00:00,Manipur,25.1122,94.3591,2015-08-01 00:00:00,2015-07-30 00:00:00,2015-07-26 00:00:00
7371,2015-08-01 00:00:00,Manipur,23.9939,94.0573,2015-08-01 00:00:00,2015-07-30 00:00:00,2015-07-26 00:00:00
7389,2015-08-01 00:00:00,Manipur,24.4072,94.0644,2015-08-01 00:00:00,2015-07-30 00:00:00,2015-07-26 00:00:00
7409,2015-08-02 00:00:00,Nagaland,25.72,94.6219,2015-08-02 00:00:00,2015-07-31 00:00:00,2015-07-27 00:00:00
7664,2015-08-11 00:00:00,Manipur,24.7459,93.4251,2015-08-11 00:00:00,2015-08-09 00:00:00,2015-08-05 00:00:00
7666,2015-08-11 00:00:00,Manipur,25.1019,93.3729,2015-08-11 00:00:00,2015-08-09 00:00:00,2015-08-05 00:00:00
7665,2015-08-11 00:00:00,Manipur,24.7016,93.5291,2015-08-11 00:00:00,2015-08-09 00:00:00,2015-08-05 00:00:00
7660,2015-08-12 00:00:00,Nagaland,25.6237,94.1136,2015-08-12 00:00:00,2015-08-10 00:00:00,2015-08-06 00:00:00
7887,2015-08-16 00:00:00,Arunachal Pradesh,27.8835,96.9262,2015-08-16 00:00:00,2015-08-14 00:00:00,2015-08-10 00:00:00
7334,2015-08-18 00:00:00,Arunachal Pradesh,28.1737,94.7596,2015-08-18 00:00:00,2015-08-16 00:00:00,2015-08-12 00:00:00
7335,2015-08-18 09:00:00,Meghalaya,25.5145,90.2023,2015-08-18 09:00:00,2015-08-16 09:00:00,2015-08-12 09:00:00
7699,2015-08-19 00:00:00,Nagaland,26.0214,94.5224,2015-08-19 00:00:00,2015-08-17 00:00:00,2015-08-13 00:00:00
7706,2015-08-19 00:00:00,Meghalaya,25.0728,92.3636,2015-08-19 00:00:00,2015-08-17 00:00:00,2015-08-13 00:00:00
7590,2015-08-19 00:00:00,Meghalaya,25.1416,92.3807,2015-08-19 00:00:00,2015-08-17 00:00:00,2015-08-13 00:00:00
7589,2015-08-19 00:00:00,Meghalaya,25.2568,92.3825,2015-08-19 00:00:00,2015-08-17 00:00:00,2015-08-13 00:00:00
7336,2015-08-19 09:00:00,Meghalaya,25.2193,90.5549,2015-08-19 09:00:00,2015-08-17 09:00:00,2015-08-13 09:00:00
7701,2015-08-19 15:00:00,Nagaland,25.6278,94.1051,2015-08-19 15:00:00,2015-08-17 15:00:00,2015-08-13 15:00:00
7727,2015-08-20 18:00:00,Nagaland,25.6263,94.1057,2015-08-20 18:00:00,2015-08-18 18:00:00,2015-08-14 18:00:00
7728,2015-08-22 09:00:00,Assam,26.1028,91.8806,2015-08-22 09:00:00,2015-08-20 09:00:00,2015-08-16 09:00:00
7778,2015-08-26 00:00:00,Mizoram,23.8447,93.0514,2015-08-26 00:00:00,2015-08-24 00:00:00,2015-08-20 00:00:00
7780,2015-08-26 00:00:00,Mizoram,23.3572,92.7878,2015-08-26 00:00:00,2015-08-24 00:00:00,2015-08-20 00:00:00
7836,2015-08-27 00:00:00,Mizoram,24.042,92.6724,2015-08-27 00:00:00,2015-08-25 00:00:00,2015-08-21 00:00:00
7837,2015-08-27 00:00:00,Mizoram,23.7269,92.7265,2015-08-27 00:00:00,2015-08-25 00:00:00,2015-08-21 00:00:00
7972,2015-08-28 01:45:00,Mizoram,23.4495,92.8112,2015-08-28 01:45:00,2015-08-26 01:45:00,2015-08-22 01:45:00
7933,2015-09-01 00:00:00,Assam,26.1868,91.6739,2015-09-01 00:00:00,2015-08-30 00:00:00,2015-08-26 00:00:00
7923,2015-09-01 00:00:00,Assam,26.49349035,91.72137514,2015-09-01 00:00:00,2015-08-30 00:00:00,2015-08-26 00:00:00
7956,2015-09-05 00:00:00,Meghalaya,26.048,91.8695,2015-09-05 00:00:00,2015-09-03 00:00:00,2015-08-30 00:00:00
8012,2015-09-06 15:00:00,Meghalaya,25.9703,91.8584,2015-09-06 15:00:00,2015-09-04 15:00:00,2015-08-31 15:00:00
8224,2015-09-14 01:30:00,Mizoram,23.7313,92.7187,2015-09-14 01:30:00,2015-09-12 01:30:00,2015-09-08 01:30:00
8223,2015-09-14 03:10:00,Mizoram,23.7348,92.7187,2015-09-14 03:10:00,2015-09-12 03:10:00,2015-09-08 03:10:00
8339,2015-09-23 00:00:00,Assam,26.1666,91.7042,2015-09-23 00:00:00,2015-09-21 00:00:00,2015-09-17 00:00:00
8366,2015-09-23 15:00:00,Meghalaya,25.583,91.893,2015-09-23 15:00:00,2015-09-21 15:00:00,2015-09-17 15:00:00
9405,2016-04-19 00:00:00,Nagaland,26.7223,95.0243,2016-04-19 00:00:00,2016-04-17 00:00:00,2016-04-13 00:00:00
7655,2016-04-22 02:30:00,Arunachal Pradesh,27.5799,91.8569,2016-04-22 02:30:00,2016-04-20 02:30:00,2016-04-16 02:30:00
9404,2016-05-01 00:00:00,Arunachal Pradesh,28.0822,96.5316,2016-05-01 00:00:00,2016-04-29 00:00:00,2016-04-25 00:00:00
9338,2016-05-18 08:00:00,Assam,24.4638,92.4943,2016-05-18 08:00:00,2016-05-16 08:00:00,2016-05-12 08:00:00
9335,2016-05-18 08:00:00,Assam,24.5202,92.7239,2016-05-18 08:00:00,2016-05-16 08:00:00,2016-05-12 08:00:00
9336,2016-05-18 08:00:00,Assam,24.5308,92.5121,2016-05-18 08:00:00,2016-05-16 08:00:00,2016-05-12 08:00:00
9334,2016-05-18 08:00:00,Assam,24.5204,92.7264,2016-05-18 08:00:00,2016-05-16 08:00:00,2016-05-12 08:00:00
9169,2016-06-12 00:00:00,Nagaland,26.1677,94.2442,2016-06-12 00:00:00,2016-06-10 00:00:00,2016-06-06 00:00:00
9168,2016-06-12 23:00:00,Arunachal Pradesh,27.6438,93.871,2016-06-12 23:00:00,2016-06-10 23:00:00,2016-06-06 23:00:00
9142,2016-06-14 08:00:00,Nagaland,26.3185,94.5247,2016-06-14 08:00:00,2016-06-12 08:00:00,2016-06-08 08:00:00
8222,2016-06-22 12:00:00,Assam,26.1961,91.7825,2016-06-22 12:00:00,2016-06-20 12:00:00,2016-06-16 12:00:00
8237,2016-07-01 00:00:00,Arunachal Pradesh,27.0136,92.6351,2016-07-01 00:00:00,2016-06-29 00:00:00,2016-06-25 00:00:00
8684,2016-07-07 00:00:00,Assam,25.9611,91.3681,2016-07-07 00:00:00,2016-07-05 00:00:00,2016-07-01 00:00:00
8900,2016-07-07 00:00:00,Manipur,25.0118,94.3136,2016-07-07 00:00:00,2016-07-05 00:00:00,2016-07-01 00:00:00
8901,2016-07-10 00:00:00,Nagaland,25.7902,94.1318,2016-07-10 00:00:00,2016-07-08 00:00:00,2016-07-04 00:00:00
8930,2016-07-11 23:00:00,Nagaland,26.1699,94.4922,2016-07-11 23:00:00,2016-07-09 23:00:00,2016-07-05 23:00:00
8996,2016-07-14 00:00:00,Assam,26.1768,91.7702,2016-07-14 00:00:00,2016-07-12 00:00:00,2016-07-08 00:00:00
8995,2016-07-14 00:00:00,Assam,26.1963,91.8074,2016-07-14 00:00:00,2016-07-12 00:00:00,2016-07-08 00:00:00
9010,2016-07-16 00:00:00,Arunachal Pradesh,27.3034,93.804,2016-07-16 00:00:00,2016-07-14 00:00:00,2016-07-10 00:00:00
9087,2016-07-19 00:00:00,Arunachal Pradesh,28.235,94.9612,2016-07-19 00:00:00,2016-07-17 00:00:00,2016-07-13 00:00:00
9124,2016-07-19 00:00:00,Meghalaya,25.203,90.5573,2016-07-19 00:00:00,2016-07-17 00:00:00,2016-07-13 00:00:00
9051,2016-07-19 09:00:00,Meghalaya,26.09748244,91.8744337,2016-07-19 09:00:00,2016-07-17 09:00:00,2016-07-13 09:00:00
9122,2016-07-20 00:00:00,Assam,26.1966,91.802,2016-07-20 00:00:00,2016-07-18 00:00:00,2016-07-14 00:00:00
9186,2016-07-25 12:30:00,Manipur,25.48,94.1383,2016-07-25 12:30:00,2016-07-23 12:30:00,2016-07-19 12:30:00
9219,2016-07-26 23:00:00,Nagaland,26.0101,94.5282,2016-07-26 23:00:00,2016-07-24 23:00:00,2016-07-20 23:00:00
9252,2016-07-28 00:00:00,Arunachal Pradesh,27.5748,91.8644,2016-07-28 00:00:00,2016-07-26 00:00:00,2016-07-22 00:00:00
9232,2016-07-28 23:00:00,Mizoram,23.5397,93.3783,2016-07-28 23:00:00,2016-07-26 23:00:00,2016-07-22 23:00:00
9251,2016-07-28 23:00:00,Nagaland,25.8702,94.7844,2016-07-28 23:00:00,2016-07-26 23:00:00,2016-07-22 23:00:00
9464,2016-08-05 00:00:00,Arunachal Pradesh,27.5754,91.9754,2016-08-05 00:00:00,2016-08-03 00:00:00,2016-07-30 00:00:00
9604,2016-10-12 00:00:00,Sikkim,27.2676,88.2891,2016-10-12 00:00:00,2016-10-10 00:00:00,2016-10-06 00:00:00
9619,2016-10-15 00:00:00,Sikkim,27.1695,88.3664,2016-10-15 00:00:00,2016-10-13 00:00:00,2016-10-09 00:00:00
9620,2016-10-15 00:00:00,Sikkim,27.172,88.5292,2016-10-15 00:00:00,2016-10-13 00:00:00,2016-10-09 00:00:00
